company_id,scoring_month,Quick Ratio,ROA(B) before interest and depreciation after tax,Borrowing dependency,Research and development expense rate,Quick Assets/Current Liability
TW-01244,2026-09,0.0059483185628712,0.552277959205525,0.377513794977666,0.0,0.0061664765698344
TW-06303,2026-09,0.005093657164745,0.530649392365758,0.37406924441323,543000000.0,0.0055120393410389
TW-04712,2026-09,0.0068429057489391,0.609561539696986,0.372163557997061,2780000000.0,0.0069586537964541
TW-03273,2026-09,0.0219997329962931,0.709245676963435,0.370532988281818,0.000250263634232,0.0223978791899118
TW-06430,2026-09,0.0372663561604867,0.495422667166336,0.36963718146295,0.00096794638993,0.0388643298206153
TW-03255,2026-09,0.0048172958513363,0.49927726323679,0.378954243395522,0.0001331117294694,0.0050312462279892
TW-03758,2026-09,0.0037767300031067,0.510626907222014,0.378294410657529,0.0001757278571439,0.004148448117693
TW-06037,2026-09,0.0046444920504013,0.511858236522298,0.378604196536214,2750000000.0,0.0069593862163658
TW-00985,2026-09,0.0157020637889323,0.604047325873976,0.37019076994652,815000000.0,0.0156584796650038
TW-05371,2026-09,0.0058347796034121,0.54446169495155,0.378652286040847,3580000000.0,0.0063144468553969
TW-00777,2026-09,0.0067848885883364,0.480646715562932,0.36963718146295,0.0,0.007254524574083
TW-02108,2026-09,0.0005639517546759,0.52765137319985,0.377087699599403,0.0,0.000732093206241
TW-06357,2026-09,0.0061947355353237,0.528186733765191,0.388757792177291,0.0,0.0067231150912541
TW-03821,2026-09,0.0014647773451097,0.585523850313186,0.370691795483165,0.0,0.0032150009745609
TW-00259,2026-09,0.0051279683887574,0.536163606188768,0.375122740072872,0.0,0.0051479646443999
TW-02196,2026-09,0.0216310432982693,0.563038706568874,0.36963718146295,0.0,0.0223675179646363
TW-02772,2026-09,0.0037037406720258,0.506772311151561,0.373642030674394,2170000000.0,0.0036156569844457
TW-05511,2026-09,0.0024410876283707,0.531291825044167,0.374823019439343,6280000000.0,0.0030346800308753
TW-03177,2026-09,0.0082041255815752,0.548369827078537,0.36963718146295,0.0001872732622509,0.0087640783251395
TW-01518,2026-09,0.0150638750223023,0.565554901225976,0.369710993260759,0.000263337107662,0.016905286428299
TW-03143,2026-09,0.0177183160799863,0.588414797366026,0.36963718146295,0.0002090057895113,0.0182871348715302
TW-00754,2026-09,0.0063438333996683,0.623213234113175,0.372890492369426,5640000000.0,0.0080787919654892
TW-05940,2026-09,0.0150202061917411,0.513303710048718,0.36963718146295,7860000000.0,0.0156421546817404
TW-01419,2026-09,0.0146259390358172,0.42454092831522,0.370284712234641,0.0017109271656421,0.0152105209477631
TW-01319,2026-09,0.0038466001320046,0.617538412120563,0.372784248115003,221000000.0,0.0045417230566822
TW-05370,2026-09,0.0189990604963025,0.522297767546443,0.370709689252331,222000000.0,0.0196913230860491
TW-06250,2026-09,0.001872145150202,0.46945767974731,0.377195062214399,5640000000.0,0.0021178431658047
TW-05817,2026-09,0.0084380657452959,0.442261363027999,0.37194883276707,1440000000.0,0.0107025840889864
TW-01841,2026-09,0.0125535411054702,0.442368435141068,0.373130939892593,0.0001655407349906,0.0127215012133659
TW-05423,2026-09,0.0037212082042503,0.561593233042454,0.376253402612043,1680000000.0,0.004212385910811
TW-02981,2026-09,0.00375052870477,0.550993093848707,0.375149580726621,8270000000.0,0.0038222103995336
TW-05140,2026-09,0.0072995569485219,0.537341399432518,0.376009600007158,7390000000.0,0.007609382560997
TW-03115,2026-09,0.0140738402494364,0.656619733390438,0.372153492751905,2040000000.0,0.014542850133358
TW-00413,2026-09,0.0047748747016483,0.50623695058622,0.369907824721584,0.0,0.0051110090755418
TW-02834,2026-09,0.0080762382920746,0.588843085818299,0.386271676623804,0.0,0.0108264831867239
TW-03472,2026-09,0.0298495172098861,0.694898013812303,0.36963718146295,0.0001414312125612,0.0300730496581747
TW-02199,2026-09,0.0178437080077406,0.508699609186787,0.369670732280136,0.0,0.0180166021091776
TW-00251,2026-09,0.0035926970743131,0.502757106911505,0.376113607540434,917000000.0,0.0036158537676635
TW-05740,2026-09,0.008202877900702,0.593125970341025,0.373261788079618,4620000000.0,0.0081896309006661
TW-03732,2026-09,0.031872007905306,0.623159698056641,0.36963718146295,0.0003253087674278,0.0326987703745068
TW-03287,2026-09,0.0143264956262547,0.573049949140746,0.370512857791506,8680000000.0,0.0159568690294776
TW-04356,2026-09,0.0090856121184747,0.521119974302693,0.372331312082991,0.0001254713878544,0.0092462317749492
TW-06083,2026-09,0.0120401204261579,0.495904491675143,0.372178096684508,0.0003708112463791,0.0125467636744996
TW-06441,2026-09,0.0065334808923912,0.501472241554687,0.377236441555595,2900000000.0,0.0071079217443918
TW-00135,2026-09,0.0112528337951832,0.528079661652123,0.372925161547185,1320000000.0,0.0141803494591268
TW-01110,2026-09,0.0144949325441336,0.536163606188768,0.36963718146295,1580000000.0,0.0147772838351829
TW-02785,2026-09,0.001734276413716,0.591948177097275,0.380772697687007,0.0,0.0041337724784077
TW-04054,2026-09,0.0295544406833798,0.575566143797848,0.36963718146295,0.0003322699675659,0.0301834393655732
TW-03934,2026-09,0.0063887499111027,0.53894748112854,0.37512945023631,4070000000.0,0.0066515097906393
TW-01065,2026-09,0.0040368714651641,0.553455752449275,0.380938215051791,1900000000.0,0.0042789716951286
TW-06100,2026-09,0.0117257048461173,0.57743990577654,0.369709874900186,2680000000.0,0.0119030731029883
TW-02647,2026-09,0.0013786873648605,0.526580652069169,0.376458062596878,0.0,0.0014464750992793
TW-02499,2026-09,0.0001466025025982,0.619572782268858,0.371236437082153,0.0,0.0001667547813975
TW-01606,2026-09,0.0180870057780101,0.566518550243589,0.36963718146295,255000000.0,0.019241236185043
TW-01215,2026-09,0.0024916187037344,0.505166229455538,0.382096836605284,323000000.0,0.0025140304826916
TW-04180,2026-09,0.0174076435425653,0.588789549761765,0.370994871198413,0.0001767465693592,0.0177297526119973
TW-00355,2026-09,0.0024884995015514,0.526634188125703,0.378314541147841,119000000.0,0.0033438836124382
TW-02911,2026-09,0.0099365304739814,0.610043364205793,0.371848180315512,486000000.0,0.010099982326307
TW-05171,2026-09,0.0040225231351225,0.494673162374859,0.374952749265796,0.0003394009530731,0.004810610087647
TW-05474,2026-09,0.0063219989843877,0.552277959205525,0.371923110473894,1920000000.0,0.0065080044606972
TW-06450,2026-09,0.017412634266058,0.571283259275122,0.36963718146295,4110000000.0,0.0181186931103269
TW-02424,2026-09,0.0056126924079866,0.561111408533647,0.372902794335727,0.0,0.006705094823595
TW-05687,2026-09,0.0061398375769039,0.577279297606938,0.377895155933015,4330000000.0,0.0061083119392326
TW-02937,2026-09,0.0032757861325261,0.49783178971037,0.378952006674376,5300000000.0,0.0035430944659688
TW-06675,2026-09,0.0139540628856114,0.513946142727127,0.371372877072043,6980000000.0,0.0141050825581025
TW-06763,2026-09,0.0215399625945274,0.568874136731088,0.36963718146295,0.0001431290662534,0.021749794972441
TW-05705,2026-09,0.0066183231917673,0.558220461480807,0.373553680189137,1360000000.0,0.006753927790478
TW-00042,2026-09,0.0055652805348059,0.559077038385353,0.373331126435136,0.0,0.0073999847084172
TW-06684,2026-09,0.0204557279157366,0.611595909845281,0.36963718146295,3600000000.0,0.0216253361915109
TW-05592,2026-09,0.0061024071507086,0.573638845762621,0.390893860871471,102000000.0,0.0067802362323443
TW-01617,2026-09,0.0094586686995547,0.558006317254671,0.370142680441887,0.0,0.0096068699499004
TW-05065,2026-09,0.0073051715124512,0.481610364580545,0.377939890355929,4550000000.0,0.0072318520015
TW-06009,2026-09,0.0101598653502802,0.587718828631083,0.369798225385443,6670000000.0,0.0103949871679306
TW-04244,2026-09,0.0087300230696193,0.576958081267734,0.376169525569078,4520000000.0,0.0088888852998695
TW-06438,2026-09,0.0139122655763599,0.60961507575352,0.369854143414086,5230000000.0,0.0147842527026704
TW-04654,2026-09,0.0064405286673395,0.646822635044703,0.371951069488216,1510000000.0,0.0063882091656266
TW-05012,2026-09,0.0107281839880123,0.587611756518015,0.36963718146295,0.0001904991842661,0.013141158143813
TW-05649,2026-09,0.0068691070472758,0.577654050002677,0.373897016885008,153000000.0,0.0067662703204134
TW-05466,2026-09,0.0054542369370931,0.58846833342256,0.379902613161315,1120000000.0,0.0057999619397397
TW-00681,2026-09,0.0069377294953006,0.605171583061192,0.375230102687868,1820000000.0,0.0068672610164267
TW-05168,2026-09,0.0113326853710665,0.551474918357514,0.370505029267496,6490000000.0,0.0118461171614688
TW-01925,2026-09,0.0044280194189051,0.55340221639274,0.377020597965031,0.0001845566963434,0.0055400414700244
TW-05230,2026-09,0.0060967925867793,0.465067723111516,0.379572696792318,6760000000.0,0.0060601274229361
TW-05497,2026-09,0.0137213704027639,0.56325285079501,0.370861786290241,2430000000.0,0.0144590345523111
TW-00233,2026-09,0.0021522495062302,0.526901868408373,0.37748024416048,0.0,0.0027124234807355
TW-00571,2026-09,0.0033930681346048,0.419508539001017,0.375350885629738,883000000.0,0.0047368475528003
TW-02103,2026-09,0.0032633093237944,0.515605760479683,0.376624698322236,0.0,0.0035033579076845
TW-02610,2026-09,0.0031934391948964,0.412655923764655,0.378036069365196,3650000000.0,0.0036195758898782
TW-02638,2026-09,0.0092995893882246,0.562771026286204,0.37856393555559,289000000.0,0.0094435315869684
TW-05553,2026-09,0.0080132304079791,0.591787568927673,0.370710807612904,0.0,0.0085797094959435
TW-01570,2026-09,0.0056052063227475,0.544301086781948,0.371350509860585,0.0,0.0055180534427334
TW-01845,2026-09,0.0133807535243865,0.55142138230098,0.371870547526969,9020000000.0,0.0141293844587924
TW-02819,2026-09,0.0042533440966603,0.543551581990471,0.371172690529499,764000000.0,0.0049161249820168
TW-00964,2026-09,0.0076850903383336,0.549547620322287,0.369659548674407,5690000000.0,0.0083541264030766
TW-03086,2026-09,0.0275176016579183,0.491782215322019,0.370942308251488,0.0035274608309397,0.0286182127103092
TW-01111,2026-09,0.0162129891064983,0.529953423630815,0.371583128859742,1310000000.0,0.0171584731047053
TW-05731,2026-09,0.0090668969053771,0.600995770651534,0.370270173547194,4260000000.0,0.0090073104374254
TW-04990,2026-09,0.0029570036694294,0.437443117939933,0.385787426495751,7390000000.0,0.004065112075242
TW-04638,2026-09,0.0080562753981037,0.540285882541892,0.371174927250645,0.0002806552153226,0.0093404867122547
TW-03813,2026-09,0.0080837243773136,0.644788264896408,0.370219847321415,0.000132093017254,0.0089164851460315
TW-01717,2026-09,0.0043313241512338,0.53172011349644,0.380811840307057,0.0001023805776403,0.0049492688813461
TW-00113,2026-09,0.0155498467224047,0.532951442796724,0.36963718146295,0.0,0.0158116524860502
TW-00804,2026-09,0.0055821242265938,0.578189410568018,0.372159084554769,8350000000.0,0.0061010375489375
TW-03135,2026-09,0.008072495249455,0.568659992504952,0.371575300335732,2290000000.0,0.008553673083993
TW-04171,2026-09,0.0051822425067406,0.531666577439906,0.36963718146295,3500000000.0,0.0052571328033925
TW-01220,2026-09,0.0051086293352231,0.535895925906098,0.373576047400595,0.0,0.0050689652139062
TW-03442,2026-09,0.0159809204640874,0.542695005085925,0.36963718146295,0.0002399067267095,0.0173636165925892
TW-03003,2026-09,0.0036675579267037,0.482681085711227,0.376311557361832,1410000000.0,0.0037200502350636
TW-03513,2026-09,0.0204700762457782,0.592269393436479,0.36963718146295,0.000178104852313,0.0238156212252619
TW-03914,2026-09,0.0138180656704351,0.651480271963167,0.36976579292883,0.0001169821193934,0.0141935563277911
TW-04032,2026-09,0.0174076435425653,0.516034048931956,0.36963718146295,0.0004266706328528,0.0182596559317126
TW-03481,2026-09,0.0200595892385029,0.57428127844103,0.370111366345846,0.0002421139365094,0.0205879279858434
TW-02975,2026-09,0.0093707071979957,0.609400931527384,0.370343985345003,0.0,0.0098810166751385
TW-03375,2026-09,0.0015115653778539,0.610578724771133,0.376370830472194,0.0,0.0015488103152715
TW-04187,2026-09,0.0073220152042391,0.556186091332512,0.372487882563193,3750000000.0,0.007419043979487
TW-03248,2026-09,0.0149334923710553,0.599229080785909,0.37062357548822,0.000210364072465,0.0159998153024251
TW-02755,2026-09,0.004656968859133,0.572032764066599,0.371951069488216,5400000000.0,0.0049117029532025
TW-03516,2026-09,0.0027979243580993,0.665346110605493,0.381680806472176,509000000.0,0.0033320039620038
TW-02481,2026-09,0.0050044479823128,0.562610418116602,0.370399903373647,0.0,0.0090193950945559
TW-05826,2026-09,0.0063575578892733,0.589324910327105,0.370384246325626,985000000.0,0.0063835110700297
TW-01216,2026-09,0.0040780449339789,0.555918411049842,0.374818545997052,0.0,0.0041607047752981
TW-02589,2026-09,0.000888348781702,0.507575351999572,0.383915290896769,0.0,0.0009660082174775
TW-00995,2026-09,0.0087830495067293,0.555490122597569,0.377528333665114,492000000.0,0.0091166394097176
TW-01775,2026-09,0.0080637614833428,0.529632207291611,0.370937834809197,4450000000.0,0.0083496862114814
TW-01380,2026-09,0.0085927781735698,0.596123989506933,0.376248929169752,2600000000.0,0.0088121149560932
TW-05454,2026-09,0.0162005122977665,0.553616360618877,0.36963718146295,4740000000.0,0.0169950376323532
TW-05284,2026-09,0.0643060960439783,0.467155629316345,0.36963718146295,0.0001157936218088,0.0660848197235858
TW-03436,2026-09,0.005534712353413,0.482359869372022,0.378688073579179,747000000.0,0.0075451101821261
TW-03455,2026-09,0.0156902108206371,0.593340114567161,0.370656007944834,0.0002227584044182,0.0173940711961467
TW-02492,2026-09,0.0062408997276312,0.584292521012902,0.372633269437666,0.0,0.0062383466439877
TW-03590,2026-09,0.0077986292977927,0.553027463997002,0.373315469387116,3460000000.0,0.0080261660596401
TW-05944,2026-09,0.0069327387718079,0.568874136731088,0.370095709297826,4350000000.0,0.0069209831219121
TW-03690,2026-09,0.0104555657172231,0.71561646769099,0.371621153119219,4820000000.0,0.0109730995246325
TW-04929,2026-09,0.0053556701481122,0.513143101879116,0.372689187466309,4820000000.0,0.0057622700139329
TW-00536,2026-09,0.0020898654625714,0.520959366133091,0.373779589024857,0.0,0.0020083600188933
TW-01362,2026-09,0.0082328222416583,0.53632421435837,0.379383693855503,2560000000.0,0.0083036469436037
TW-02003,2026-09,0.0049245964064295,0.492371111943894,0.375170829577506,3530000000.0,0.0054770451965352
TW-02726,2026-09,0.004420533333666,0.631457786819423,0.371068682996222,6370000000.0,0.0048625758877826
TW-03322,2026-09,0.0334752778273384,0.543658654103539,0.369639418184096,0.0003144425037976,0.0344276150907936
TW-04480,2026-09,0.0148673652847769,0.673001766689866,0.36963718146295,7450000000.0,0.0154215723122144
TW-05737,2026-09,0.0108560712775129,0.592215857379945,0.371696083277602,6030000000.0,0.0111055017363367
TW-01208,2026-09,0.0025053431933393,0.548691043417742,0.38608714712928,0.0,0.0045709570664561
TW-05573,2026-09,0.0062764586325168,0.552063814979389,0.37179673572916,165000000.0,0.0061852671677648
TW-03514,2026-09,0.0317441206158054,0.623159698056641,0.36963718146295,0.0001343002270539,0.0323562711461072
TW-02349,2026-09,0.0009806771663171,0.52358263290326,0.3880319761655,0.0,0.0009630175667916
TW-02513,2026-09,0.0077562081481047,0.633759837250388,0.36963718146295,0.0,0.007630104646826
TW-02115,2026-09,0.0012395709475013,0.531505969270304,0.380034579708913,0.0,0.0019599039406331
TW-02084,2026-09,0.0006793622354448,0.574388350554098,0.385856764851269,0.0,0.0006118361422757
TW-00638,2026-09,0.0087387568357315,0.558220461480807,0.36963718146295,3070000000.0,0.0087570741865423
TW-04677,2026-09,0.0040487244334593,0.560576047968307,0.37665377569713,4920000000.0,0.0043418085591744
TW-01640,2026-09,0.0027517601657918,0.472402162856684,0.384378292173936,458000000.0,0.0034885193025199
TW-02659,2026-09,0.0065128941579838,0.559451790781091,0.374091611624687,815000000.0,0.0064637276439402
TW-06111,2026-09,0.0045914656132912,0.547031425665185,0.383627872229541,1260000000.0,0.0054382830455535
TW-02794,2026-09,0.0083750578612004,0.563359922908079,0.372625440913656,749000000.0,0.0085174836587947
TW-00010,2026-09,0.0034492137738977,0.538197976337063,0.374179962109944,1900000000.0,0.0036260432811753
TW-03519,2026-09,0.0185686105950564,0.601584667273409,0.36963718146295,5210000000.0,0.018801790009444
TW-03268,2026-09,0.0327123209733907,0.596552277959206,0.36963718146295,0.0001061158557632,0.0333238849446822
TW-03057,2026-09,0.0054361455644321,0.568981208844157,0.379408297788106,6320000000.0,0.005496480426563
TW-00288,2026-09,0.0017879266912626,0.548316291022003,0.375728891503367,0.0,0.0022062375458593
TW-02291,2026-09,0.0075877712302258,0.52593821939076,0.36963718146295,0.0,0.0081316865694351
TW-06405,2026-09,0.0072814655758608,0.533058514909792,0.370209782076259,2310000000.0,0.0076448296893745
TW-04225,2026-09,0.0071666789355285,0.591305744418866,0.373550325107419,3750000000.0,0.0074488200649756
TW-02833,2026-09,0.0008658905259848,0.602601852347556,0.379096275188276,5080000000.0,0.001039674435303
TW-05922,2026-09,0.0083962684360445,0.595481556828524,0.370571012541295,2840000000.0,0.0085823551848187
TW-01681,2026-09,0.0096539307562069,0.587825900744151,0.370685085319728,2330000000.0,0.0119735714909834
TW-05713,2026-09,0.0071429729989382,0.570533754483645,0.37440475258509,1460000000.0,0.007151031526043
TW-04739,2026-09,0.0097156909594291,0.580652069168585,0.374438303402277,5540000000.0,0.0102365335885267
TW-02892,2026-09,0.0090906028419674,0.590127951175116,0.374550139459563,1240000000.0,0.0094542378506272
TW-04207,2026-09,0.0090431909687867,0.575940896193586,0.371347154778867,543000000.0,0.0092483206257807
TW-01849,2026-09,0.0656641966744314,0.615343433802666,0.36963718146295,0.0002190231262953,0.071968440836062
TW-00066,2026-09,0.0071130286579819,0.527972589539055,0.373364677252322,0.0,0.0076295500549524
TW-03698,2026-09,0.0066669827458212,0.565126612773703,0.373025813998743,3970000000.0,0.0066580221490137
TW-05446,2026-09,0.0085322656512207,0.607848385887895,0.373436252328986,3990000000.0,0.0092460350104495
TW-05413,2026-09,0.0049027619911489,0.553348680336206,0.377748650697969,0.0,0.0056872073895994
TW-05615,2026-09,0.0100213727733575,0.481556828524011,0.374889002713143,1340000000.0,0.0102631592020883
TW-00269,2026-09,0.005255855678258,0.531827185609508,0.373438489050132,0.0,0.0053825047210966
TW-01346,2026-09,0.0043581492900072,0.511429948070025,0.372315655034971,357000000.0,0.0044394949018915
TW-04951,2026-09,0.0054804382354298,0.536859574923711,0.37398760409141,25500000.0,0.0054889018861198
TW-04385,2026-09,0.0082078686241947,0.55458000963649,0.36963718146295,1940000000.0,0.0082230667272345
TW-04991,2026-09,0.008375681701637,0.5047914770598,0.371352746581731,7150000000.0,0.0087940274281186
TW-00643,2026-09,0.0126265304365511,0.570159002087906,0.37102506693388,3970000000.0,0.0132353440488245
TW-01928,2026-09,0.0223946239926537,0.54708496172172,0.36963718146295,0.0002417743657709,0.0246445885279192
TW-03241,2026-09,0.003444223050405,0.610578724771133,0.375022087621314,6660000000.0,0.0055147407411716
TW-00171,2026-09,0.0029158302006146,0.507575351999572,0.372813325489898,7450000000.0,0.002990608420474
TW-03540,2026-09,0.0016070129646519,0.183200385459607,0.395236454975922,0.0001933855355429,0.0028316108249141
TW-06215,2026-09,0.0156359367026539,0.620108142834199,0.371267751178193,0.0,0.0166265510708195
TW-01723,2026-09,0.0068191998123488,0.560308367685636,0.37206961570894,8680000000.0,0.0073644084377382
TW-06121,2026-09,0.0100513171143138,0.411745810803576,0.369972689634811,0.0004453470234672,0.0125718251113656
TW-00414,2026-09,0.0085447424599525,0.5937148669629,0.373248367752744,1610000000.0,0.0087415357309323
TW-02709,2026-09,0.0035577620098641,0.538572728732801,0.380447254760302,0.0,0.0045129413070163
TW-00160,2026-09,0.0070475254121401,0.586326891161197,0.375062348601937,0.0,0.0078705418059949
TW-01663,2026-09,0.0071292485093332,0.550671877509503,0.371650230494114,0.0,0.0072168462625627
TW-06300,2026-09,0.0138779543523476,0.53632421435837,0.36963718146295,4620000000.0,0.0145621407911438
TW-03452,2026-09,0.0062945500051778,0.637346753038171,0.373144360219467,3750000000.0,0.0069030218973295
TW-05742,2026-09,0.0077175300410362,0.561218480646716,0.370324973215264,312000000.0,0.0078446127360172
TW-00141,2026-09,0.014148701101827,0.602869532630226,0.36963718146295,781000000.0,0.0141051022308089
TW-04753,2026-09,0.0142453963694982,0.596338133733069,0.36963718146295,6960000000.0,0.0145983450223466
TW-03737,2026-09,0.0095422633180575,0.530595856309224,0.372958712364371,458000000.0,0.0143255778573407
TW-02950,2026-09,0.0215068990513882,0.644467048557203,0.369802698827734,1240000000.0,0.0218857426949972
TW-04743,2026-09,0.0030037917021735,0.538197976337063,0.373573810679449,0.0002911819082143,0.0045678937958433
TW-03404,2026-09,0.0389151664343901,0.359815835965523,0.36963718146295,0.0005436527522463,0.0398186470721853
TW-06732,2026-09,0.0095616023715918,0.629423416671128,0.36993354701476,0.0001815005596974,0.0100842039173379
TW-03527,2026-09,0.0538424204010795,0.720006424326784,0.36963718146295,9070000000.0,0.055253845881312
TW-06777,2026-09,0.0059002828492539,0.528079661652123,0.373530194617107,0.0001147749095935,0.0062872497724892
TW-05105,2026-09,0.0112734205295906,0.529471599122009,0.376467009481461,0.0001402427149767,0.0114503585760582
TW-06257,2026-09,0.0069433440592299,0.527704909256384,0.369639418184096,3170000000.0,0.0070634981466589
TW-02388,2026-09,0.011448719692272,0.45553830504845,0.370346222066149,0.0001432988516226,0.0145037820103347
TW-04369,2026-09,0.0092153709292851,0.588575405535628,0.36963718146295,3960000000.0,0.0093224161615825
TW-02851,2026-09,0.0122098050249099,0.60790192194443,0.369929073572469,6640000000.0,0.0125217582920561
TW-01072,2026-09,0.0052833046574679,0.55982654317683,0.37231118159268,115000000.0,0.005694235949057
TW-06060,2026-09,0.0149222632431967,0.703356710744687,0.36963718146295,1920000000.0,0.0147876055170863
TW-05935,2026-09,0.0098916139625471,0.552117351035923,0.370497200743486,6430000000.0,0.0100922071274332
TW-05120,2026-09,0.0168305911387209,0.605492799400396,0.373308759223679,4640000000.0,0.0167653425882134
TW-05247,2026-09,0.0142117089859224,0.548423363135071,0.370189651585947,6380000000.0,0.0146218658173881
TW-03102,2026-09,0.0040686873274301,0.541410139729108,0.381621533361814,148000000.0,0.004336329769727
TW-04153,2026-09,0.0054717044693176,0.450987740243054,0.373196923166392,1660000000.0,0.0054711857186939
TW-06522,2026-09,0.0733729929493554,0.625890036939879,0.36963718146295,0.0002835415665994,0.0733337415695475
TW-03560,2026-09,0.0219697886553369,0.648482252797259,0.36963718146295,0.0001675781594213,0.022834975285098
TW-03686,2026-09,0.0083850393081859,0.724503453075646,0.369678560804146,8220000000.0,0.0085142246406981
TW-05491,2026-09,0.0051179869417719,0.542534396916323,0.380593759995348,0.0001451664906841,0.0053586793329123
TW-00695,2026-09,0.0095378964350014,0.577065153380802,0.374427119796548,2510000000.0,0.0094865719370065
TW-01960,2026-09,0.0886658174118857,0.488516515873441,0.36963718146295,0.0007759191373409,0.153132337418276
TW-00707,2026-09,0.0125859808081728,0.60265538840409,0.36963718146295,3190000000.0,0.0125700901071955
TW-03872,2026-09,0.009633967862236,0.577332833663472,0.379071671255673,379000000.0,0.0098709979204684
TW-04936,2026-09,0.0043438009599656,0.554258793297286,0.382404385762823,3460000000.0,0.0044735971733646
TW-05187,2026-09,0.010366356534791,0.596927030354944,0.36963718146295,6640000000.0,0.0111894199361598
TW-02335,2026-09,0.0004023770815995,0.544675839177686,0.380220227564009,0.0,0.0003363338596284
TW-02539,2026-09,0.0039882119111102,0.540553562824562,0.373479868391328,0.0,0.0043312030175261
TW-05625,2026-09,0.0126764376714781,0.640184164034477,0.36963718146295,2600000000.0,0.0126345754666663
TW-05936,2026-09,0.0121817322052635,0.555008298088763,0.370979214150393,4140000000.0,0.0128189564875744
TW-04131,2026-09,0.0111236988248094,0.571015578992451,0.372887137287707,3060000000.0,0.012236099751693
TW-03437,2026-09,0.0056638473237869,0.610739332940736,0.380077077410682,0.0,0.0060019494276224
TW-05903,2026-09,0.0094468157312595,0.526420043899566,0.370754423675246,594000000.0,0.0099335102690907
TW-00417,2026-09,0.0050917856434352,0.568124631939611,0.376347344900164,1020000000.0,0.0054086780433533
TW-03624,2026-09,0.0516870516926663,0.587665292574549,0.36963718146295,0.0002964452546602,0.0521625375253033
TW-02894,2026-09,0.006764301853929,0.542962685368596,0.404432733966624,0.0,0.0068632568937968
TW-05460,2026-09,0.0080587707598501,0.587772364687617,0.36963718146295,5570000000.0,0.0086423433623676
TW-00918,2026-09,0.0054405124474882,0.497403501258097,0.371015001688724,0.0,0.0069930742067235
TW-05252,2026-09,0.0053456887011267,0.522779592055249,0.370184059783083,6060000000.0,0.0053531823682052
TW-06217,2026-09,0.0033924442941682,0.538251512393597,0.373548088386273,6430000000.0,0.003699567141732
TW-00393,2026-09,0.0013905403331557,0.4952085229402,0.376434577024848,0.0,0.0020833922076221
TW-01893,2026-09,0.0054317786813759,0.532309010118315,0.378408483435962,1920000000.0,0.0068536290039189
TW-01469,2026-09,0.0049794943648493,0.587718828631083,0.375357595793175,357000000.0,0.0049413156734927
TW-02804,2026-09,0.0297440881761027,0.55575780288024,0.37018294142251,0.0,0.0300163223705308
TW-00746,2026-09,0.0060206840535155,0.601316986990738,0.370725346300351,5500000000.0,0.0062081037357217
TW-02600,2026-09,0.0046594642208794,0.557310348519728,0.37984222169038,0.0,0.0053115065602567
TW-00015,2026-09,0.0070631214230549,0.558755822046148,0.373544733304554,79800000.0,0.0074797373670927
TW-04721,2026-09,0.0083819201060029,0.394989025108411,0.374090493264114,0.0011059818951069,0.0088340402466058
TW-04375,2026-09,0.0038447286106948,0.528507950104395,0.376490495053491,1460000000.0,0.0039105010002909
TW-05736,2026-09,0.0128760666111865,0.529150382782804,0.371358338384595,1780000000.0,0.0130899441991998
TW-02605,2026-09,0.0004136062094581,0.472991059478559,0.372815562211044,0.0,0.0003318942295757
TW-03167,2026-09,0.0057580472297117,0.606563520531078,0.374363373243894,0.0,0.0057196774753382
TW-06124,2026-09,0.0051117485374061,0.521066438246159,0.379111932236296,6160000000.0,0.005532941120475
TW-01424,2026-09,0.0061273607681721,0.520049253172011,0.370371944359325,0.0,0.0064052369006384
TW-05089,2026-09,0.003976358942815,0.516034048931956,0.374065889331511,0.0001073043533478,0.003984560266685
TW-03878,2026-09,0.0434860453132739,0.528454414047861,0.36963718146295,0.000562668713599,0.0451266707959748
TW-03921,2026-09,0.0131118782962169,0.585630922426254,0.36963718146295,0.0002915214789528,0.0132316853060425
TW-02475,2026-09,0.0204638378414123,0.534396916323144,0.369651720150397,0.0,0.0212855911482411
TW-06476,2026-09,0.0127731329391494,0.537020183093313,0.36965283851097,4330000000.0,0.0136190393469172
TW-05939,2026-09,0.0087406283570413,0.572246908292735,0.371979028502538,0.0001363376514846,0.0089574115505267
TW-04836,2026-09,0.0099833185067256,0.604154397987044,0.370915467597739,6110000000.0,0.009952458404656
TW-02348,2026-09,0.0005689424781687,0.558273997537341,0.378638865713973,0.0,0.0011998459729417
TW-05755,2026-09,0.0071267531475869,0.576315648589325,0.381060116354234,4470000000.0,0.0075044199873732
TW-01201,2026-09,0.0011148028601836,0.524653354033942,0.396740649946431,3800000000.0,0.0011002331400544
TW-02885,2026-09,0.0042720593097579,0.517854274854114,0.376884157975141,0.0,0.0048565251610369
TW-02408,2026-09,0.0043444248004022,0.515659296536217,0.372066260627221,0.0,0.0057233917297182
TW-01895,2026-09,0.00579859685809,0.526741260238771,0.373680054933871,475000000.0,0.005822794508266
TW-04296,2026-09,0.0107125879770976,0.57401359815836,0.36963718146295,4240000000.0,0.0105985226600841
TW-00497,2026-09,0.0022714030296187,0.549279940039617,0.375676328556443,0.0,0.0024628760803037
TW-01754,2026-09,0.0093919177728397,0.430644038760105,0.375752377075398,0.0,0.0110484468635034
TW-06702,2026-09,0.0086857303986215,0.537073719149847,0.374088256542969,0.0,0.0090545235600308
TW-02476,2026-09,0.005897163647071,0.517318914288774,0.373475394949036,34000000.0,0.0058859109830517
TW-06546,2026-09,0.0076276970181674,0.473098131591627,0.377329265483143,0.0001616356714985,0.0122873898477116
TW-04465,2026-09,0.0101193157219019,0.576047968306655,0.372136717343312,1630000000.0,0.0108193038905353
TW-06796,2026-09,0.0088360759438393,0.55168906258365,0.369813882433463,238000000.0,0.0103201842445349
TW-01263,2026-09,0.0087219131439436,0.531505969270304,0.37422916997515,391000000.0,0.0086453303505484
TW-02185,2026-09,0.0027760899428187,0.530595856309224,0.372238488155443,0.0,0.0035919893772314
TW-01821,2026-09,0.0111586338892583,0.527972589539055,0.371813511137753,3670000000.0,0.0113930288094423
TW-00220,2026-09,0.0030062870639199,0.580652069168585,0.374238116859733,747000000.0,0.0032223833120468
TW-02775,2026-09,0.0016120036881446,0.50886021735639,0.373921620817611,0.0,0.0016857800389788
TW-01108,2026-09,0.006179139524409,0.54183842818138,0.371499251816777,0.0,0.0061568796271888
TW-04601,2026-09,0.0154313170394529,0.611810054071417,0.36963718146295,1710000000.0,0.0157920021914758
TW-04908,2026-09,0.0390131093829345,0.67739172332566,0.36963718146295,3450000000.0,0.0392126912472178
TW-03820,2026-09,0.0597951058470069,0.453289790674019,0.36963718146295,0.0001487319834377,0.0604787630026858
TW-02723,2026-09,0.0079277642681665,0.549815300604957,0.377316963516841,0.0,0.0082095962455529
TW-04826,2026-09,0.0119502874032891,0.640933668825954,0.376547531442708,7370000000.0,0.0123368451971294
TW-03289,2026-09,0.0212249231740502,0.603940253760908,0.371087695125961,2360000000.0,0.0218847555032433
TW-02203,2026-09,0.0012938450654845,0.524439209807806,0.384435328563153,0.0,0.0012804269068374
TW-00910,2026-09,0.0044473584724393,0.592001713153809,0.374972879756108,3280000000.0,0.0044058957538002
TW-00379,2026-09,0.0003443599209968,0.501739921837357,0.409986512571491,0.0,0.0002532363167652
TW-05238,2026-09,0.0052009577198382,0.483965951068044,0.375880988541278,7810000000.0,0.0060698361000649
TW-06208,2026-09,0.0056058301631841,0.47786284062316,0.371659177378697,0.0002205511946183,0.0065193982894988
TW-00939,2026-09,0.0068934368243028,0.565554901225976,0.372264210448619,1830000000.0,0.0070253726975462
TW-02177,2026-09,0.0002326924828475,0.510733979335082,0.383272233567369,0.0,0.0001517689772197
TW-05087,2026-09,0.0130214214329116,0.56153969698592,0.36963718146295,0.0001000035824712,0.0136993100472875
TW-03133,2026-09,0.0292294198159172,0.607473633492157,0.36963718146295,856000000.0,0.0323604269788085
TW-05279,2026-09,0.0053294688497754,0.504952085229402,0.370884153501699,0.0001495809102838,0.0148329160213181
TW-01591,2026-09,0.0077243922858387,0.521173510359227,0.374719011906067,0.0,0.0080982367542185
TW-03707,2026-09,0.0180289886174074,0.654424755072541,0.37035069550844,0.000208836004142,0.019834494653834
TW-01995,2026-09,0.006990132091974,0.51464211146207,0.37716039303664,0.0,0.0070146190771348
TW-04852,2026-09,0.0055790050244108,0.594517907810911,0.36963718146295,255000000.0,0.0055389154088047
TW-05081,2026-09,0.0045621451127716,0.473954708496172,0.381035512421631,0.0001037388605941,0.004829697161311
TW-02345,2026-09,0.263744140578699,0.516569409497296,0.36963718146295,0.0,0.266294069279025
TW-06138,2026-09,0.009514190498411,0.49783178971037,0.373349020204302,1050000000.0,0.0107094547239686
TW-02153,2026-09,0.0004797332957365,0.52186947909417,0.379539145975132,0.0,0.0008036704609265
TW-01973,2026-09,0.0027729707406358,0.34348733872263,0.378423022123409,0.0008611513926899,0.0035955632522202
TW-03913,2026-09,0.0132054543617052,0.607313025322555,0.36963718146295,3750000000.0,0.0139244978516549
TW-04909,2026-09,0.0038721775899047,0.519674500776273,0.377102238286851,9250000000.0,0.0043208143935147
TW-04432,2026-09,0.011121203463063,0.627549654692435,0.36963718146295,9800000000.0,0.0119424219473579
TW-02171,2026-09,0.001526537548332,0.514588575405536,0.379653218753565,0.0,0.0019458721160889
TW-02695,2026-09,0.0048952759059098,0.584934953691311,0.374719011906067,1550000000.0,0.0051057066478825
TW-02640,2026-09,0.0013088172359626,0.359441083569784,0.669025661901705,781000000.0,0.0023432992065562
TW-02718,2026-09,0.000472871050934,0.586969323839606,0.382186305451113,0.0,0.0006427164574587
TW-03591,2026-09,0.0049426877790906,0.559773007120296,0.375844082642373,594000000.0,0.0050926898114471
TW-01378,2026-09,0.003486644200093,0.50334600353338,0.378122183129307,0.0102299080663161,0.0067776175224677
TW-02276,2026-09,0.0033400416974947,0.548102146795867,0.372580706490741,0.0,0.0041626485547386
TW-04352,2026-09,0.0056189308123525,0.542534396916323,0.381453779275884,1240000000.0,0.0058481366477601
TW-03044,2026-09,0.0079177828211811,0.536270678301836,0.376906525186598,1730000000.0,0.0090683776750849
TW-03392,2026-09,0.0121374395342657,0.0917608008994058,0.36963718146295,0.0243479010877979,0.0124679417725546
TW-01911,2026-09,0.0412545680715969,0.601905883612613,0.36963718146295,0.0003220828454126,0.0427989323569848
TW-03688,2026-09,0.0044348816637075,0.657476310294984,0.377370644824339,1340000000.0,0.0050952232978869
TW-03597,2026-09,0.0113994362977815,0.212966432892553,0.36963718146295,0.0006266777977954,0.0136043417887554
TW-02896,2026-09,0.0050456214511277,0.58557738636972,0.372730566807506,0.0,0.0065775321538097
TW-00129,2026-09,0.0088267183372905,0.555008298088763,0.370743240069517,2280000000.0,0.0090579237374388
TW-05978,2026-09,0.0117188426013148,0.581133893677392,0.370256753220319,8400000000.0,0.011804167071195
TW-05227,2026-09,0.009746259140822,0.563681139247283,0.375548835451135,0.0004884725072494,0.010719549748592
TW-02611,2026-09,0.0047006376896942,0.545211199743027,0.373356848728312,0.0,0.0054062519612798
TW-03538,2026-09,0.0073319966512245,0.557149740350126,0.371361693466314,815000000.0,0.0074617873546425
TW-02780,2026-09,0.0129683949958016,0.636650784303228,0.370370825998752,0.0,0.0131219400997148
TW-00641,2026-09,0.0184132743263459,0.541999036350982,0.36963718146295,7610000000.0,0.0190383240986795
TW-00222,2026-09,0.002943903020261,0.559505326837625,0.377104475007996,424000000.0,0.0030967773995737
TW-05294,2026-09,0.0044879081008176,0.548423363135071,0.379410534509252,1940000000.0,0.0050246234641155
TW-05142,2026-09,0.0078497842135929,0.481182076128272,0.370659363026552,896000000.0,0.0083018083036414
TW-03105,2026-09,0.006944591740103,0.552438567375127,0.371536157715681,9610000000.0,0.0075403359850387
TW-06370,2026-09,0.0075185249417644,0.53289790674019,0.378428613926273,815000000.0,0.0074938524184781
TW-02989,2026-09,0.0053918528934343,0.533486803362064,0.3758429642818,0.0,0.0053704451649168
TW-04401,2026-09,0.0198537218944287,0.629637560897264,0.36963718146295,0.000139733358869,0.0202985668462273
TW-05340,2026-09,0.0060437661496693,0.565073076717169,0.376643710451974,6670000000.0,0.0062819316528361
TW-04683,2026-09,0.0051940954750357,0.518175491193319,0.374535600772116,4140000000.0,0.0053920305537407
TW-02862,2026-09,0.0080506608341744,0.608383746453236,0.373937277865631,4010000000.0,0.0084158414361898
TW-06334,2026-09,0.0066264331174429,0.560415439798704,0.371483594768757,340000000.0,0.0073786311680219
TW-04426,2026-09,0.0106720383487193,0.55195674286632,0.371028422015599,0.0001049273581787,0.0112464846422265
TW-05712,2026-09,0.0066969270867774,0.475721398361797,0.372663465173133,713000000.0,0.0080953904199608
TW-04209,2026-09,0.012020157532187,0.562663954173136,0.370779027607849,8370000000.0,0.0120739494005997
TW-02444,2026-09,0.0078335643622416,0.556400235558649,0.378058436576654,0.0,0.0082580946204437
TW-01961,2026-09,0.0078479126922832,0.58386423256063,0.37087296989597,4210000000.0,0.0089318724843094
TW-00209,2026-09,0.0038278849189069,0.542641469029391,0.375378844644059,2480000000.0,0.0041087159394404
TW-00912,2026-09,0.0042864076397995,0.591198672305798,0.378286582133519,7790000000.0,0.0044521525819691
TW-00538,2026-09,0.0102203778726292,0.543819262273141,0.372282104217785,0.0,0.0110560920652834
TW-03004,2026-09,0.0097506260238781,0.568981208844157,0.37068955876202,486000000.0,0.0099449688998994
TW-06524,2026-09,0.0094773839126523,0.538037368167461,0.371108943976845,0.0003626615486564,0.0106026746119027
TW-05249,2026-09,0.0032745384516529,0.512607741313775,0.372990026460411,0.0,0.0043081089074504
TW-02184,2026-09,0.0087574720488292,0.449702874886236,0.371486949850475,0.0,0.009056963000577
TW-00308,2026-09,0.0024485737136098,0.53172011349644,0.378457691301168,136000000.0,0.0025321445279519
TW-04241,2026-09,0.0048572216392779,0.543390973820868,0.380077077410682,1490000000.0,0.004971059170797
TW-05550,2026-09,0.0067306144703532,0.528347341934793,0.36976579292883,2040000000.0,0.0066225758192744
TW-06221,2026-09,0.0124593411995453,0.678462444456341,0.370817051867327,2510000000.0,0.0133586328871064
TW-06219,2026-09,0.0132828105758422,0.609293859414316,0.370359642393023,6550000000.0,0.0133945473311709
TW-01659,2026-09,0.0192704310862185,0.555008298088763,0.370010713894288,4470000000.0,0.0233702242774862
TW-05118,2026-09,0.0068747216112051,0.597034102468012,0.373382571021488,3170000000.0,0.0070397249881685
TW-02996,2026-09,0.0805858360771915,0.514856255688206,0.36963718146295,3990000000.0,0.0831874225169297
TW-03238,2026-09,0.0077917670529902,0.574870175062905,0.372600836981053,0.0002628277515544,0.0085139648274518
TW-01482,2026-09,0.0194245196740559,0.589860270892446,0.369703164736749,0.0001351491539,0.0201251137672476
TW-00508,2026-09,0.004462954483354,0.519995717115477,0.37169943835932,0.0,0.0046955019817697
TW-05311,2026-09,0.0073850230883345,0.523743241072863,0.373488815275911,0.0003706414610098,0.0075204192572556
TW-03754,2026-09,0.014557940428229,0.620589967343005,0.370201953552249,3890000000.0,0.0153338479147823
TW-03873,2026-09,0.0070013612198326,0.589592590609776,0.372585179933033,1390000000.0,0.007925761632738
TW-05104,2026-09,0.0101935527338559,0.579045987472563,0.373795246072877,8950000000.0,0.0110607553577226
TW-05405,2026-09,0.0071186432219112,0.570533754483645,0.372671293697144,0.0,0.0070969969471015
TW-01013,2026-09,0.0027567508892845,0.500347984367472,0.401986879393759,9800000000.0,0.0030832731067929
TW-05395,2026-09,0.0098186246314662,0.639595267412602,0.371068682996222,5300000000.0,0.0103192011520413
TW-03079,2026-09,0.0842639992913173,0.484126559237647,0.36963718146295,0.0001222454658392,0.0851118860177806
TW-02131,2026-09,0.0030119016278492,0.533968627870871,0.370161692571625,0.0,0.004406313391692
TW-06308,2026-09,0.0101685991163924,0.522940200224851,0.36963718146295,3580000000.0,0.0100868809902007
TW-00863,2026-09,0.0128124348866544,0.572621660688474,0.36963718146295,6450000000.0,0.0128106284251301
TW-03748,2026-09,0.01079992563822,0.569998393918304,0.36963718146295,713000000.0,0.0124048843782816
TW-03310,2026-09,0.0087225369843802,0.49809946999304,0.373766168697982,0.0002658838882004,0.0102515506831017
TW-02512,2026-09,0.0070381678055913,0.58964612666631,0.36963718146295,0.0,0.0070715187957691
TW-04444,2026-09,0.0138542484157572,0.579902564377108,0.371246502327308,5370000000.0,0.0150209469875088
TW-04944,2026-09,0.0170508068128366,0.560736656137909,0.374657502074559,9020000000.0,0.0181909328229652
TW-04651,2026-09,0.0134131932270891,0.516783553723433,0.371546222960837,3850000000.0,0.0137694136334533
TW-01033,2026-09,0.0057599187510215,0.499330799293324,0.37157082689344,4750000000.0,0.005806731203818
TW-06565,2026-09,0.0078834715971687,0.814551100165962,0.36963718146295,0.0,0.0090491834778257
TW-03173,2026-09,0.108853293939889,0.493120616735371,0.36963718146295,0.0008580952560439,0.11051406800933
TW-06454,2026-09,0.0046750602317941,0.372182665024894,0.405677469284227,6660000000.0,0.0051691819982548
TW-03098,2026-09,0.0080113588866694,0.534075699983939,0.373580520842886,0.0001582399641141,0.0080622561479662
TW-05725,2026-09,0.00654283849894,0.549333476096151,0.370817051867327,3230000000.0,0.0069509433683906
TW-03200,2026-09,0.0067561919282533,0.478451737245034,0.374799533867313,2850000000.0,0.0071188817129621
TW-03425,2026-09,0.0149334923710553,0.676428074308047,0.36963718146295,0.0001716530082826,0.015298868538847
TW-00970,2026-09,0.0069751599214959,0.556453771615183,0.375950326896795,7080000000.0,0.0074744898333346
TW-05576,2026-09,0.0131898583507905,0.687938326462873,0.36963718146295,0.0,0.0136012582152608
TW-05038,2026-09,0.0070911942427013,0.518229027249853,0.371767658354265,4140000000.0,0.0071824416253989
TW-01604,2026-09,0.0036432281496767,0.536484822527973,0.398379048185684,115000000.0,0.004674317091312
TW-05269,2026-09,0.0085946496948796,0.565501365169442,0.36963718146295,9560000000.0,0.0087409680488786
TW-03063,2026-09,0.020969148595049,0.580705605225119,0.369783686697996,0.000123603748793,0.0213223712475398
TW-05650,2026-09,0.0084131121278323,0.677498795438728,0.370300369282661,968000000.0,0.0082844521785626
TW-00290,2026-09,0.0023281725093482,0.505273301568607,0.375506337749366,0.0,0.0022522467961696
TW-00996,2026-09,0.0043612684921901,0.505969270303549,0.374354426359311,0.0,0.005988754575968
TW-04331,2026-09,0.0100831329765798,0.596177525563467,0.370511739430933,0.0001747091449286,0.0112003679937893
TW-04222,2026-09,0.0062908069625583,0.565983189678248,0.377365053021475,0.0001146051242243,0.0068119028006487
TW-03199,2026-09,0.0051391975166159,0.585523850313186,0.378624327026525,0.000125131817116,0.0072428216410804
TW-05300,2026-09,0.0094043945815715,0.563520531077681,0.372230659631433,0.0001142655534858,0.0095024505251615
TW-02546,2026-09,0.0011890398721376,0.49809946999304,0.37704743861878,0.0,0.0010350477055213
TW-05050,2026-09,0.0071342392328259,0.43872798329675,0.376027493776323,3190000000.0,0.0077414689175111
TW-05051,2026-09,0.0337728497155911,0.494244873922587,0.370261226662611,0.0001709738668057,0.0336962241995457
TW-06723,2026-09,0.0079127920976884,0.553241608223138,0.37259189009647,5160000000.0,0.0079135667260923
TW-01017,2026-09,0.0078435458092271,0.566304406017453,0.370387601407345,148000000.0,0.0079029141770955
TW-01395,2026-09,0.0064760875722251,0.569248889126827,0.37773746709224,713000000.0,0.0065635272833065
TW-00682,2026-09,0.0075397355166085,0.590502703570855,0.373494407078775,2330000000.0,0.0080343607994109
TW-05167,2026-09,0.0065621775524743,0.560950800364045,0.371058617751066,7220000000.0,0.0067061058247519
TW-04844,2026-09,0.0099221821439399,0.575244927458643,0.37494268402064,0.0001166425486549,0.0101985716543572
TW-03706,2026-09,0.0498417316812375,0.491300390813213,0.36963718146295,0.0003667363975178,0.0505159921753386
TW-01229,2026-09,0.0040300092203616,0.555168906258365,0.38582992419752,0.0,0.0042415479869878
TW-06599,2026-09,0.0286941647213242,0.695540446490711,0.36963718146295,0.0004545154334051,0.0286417733686305
TW-02714,2026-09,0.0066925602037213,0.521441190641897,0.371370640350897,0.0002672421711541,0.0080429332264428
TW-00434,2026-09,0.0064062174433272,0.453985759408962,0.371805682613743,3890000000.0,0.0075330690507805
TW-00109,2026-09,0.0033001159095531,0.49954494351946,0.373530194617107,0.0,0.0058757595046868
TW-01266,2026-09,0.0016856168596621,0.540071738315756,0.387594697181508,0.0,0.0024721290656757
TW-00313,2026-09,0.0121836037265732,0.530970608704963,0.372171386521071,968000000.0,0.0124488086836006
TW-01414,2026-09,0.0176821333346642,0.623373842282777,0.370146035523605,0.0,0.0177903662543255
TW-05343,2026-09,0.0125560364672166,0.545371807912629,0.369960387668509,1000000000.0,0.0124690435314619
TW-02442,2026-09,0.0099277967078692,0.450452379677713,0.371623389840365,0.0,0.0099121311722713
TW-05601,2026-09,0.0098959808456032,0.600192729803523,0.372424136010539,0.0001663896618367,0.0101895987913527
TW-06112,2026-09,0.0262212612306875,0.63654371219016,0.373280800209357,5130000000.0,0.0263374382687044
TW-01553,2026-09,0.0058522471356366,0.563841747416885,0.373892543442717,2750000000.0,0.0064527534745835
TW-02954,2026-09,0.0081997586985191,0.594196691471706,0.370396548291928,2820000000.0,0.0087349919074586
TW-05852,2026-09,0.0168468109900722,0.58729054017881,0.36963718146295,4550000000.0,0.016982089934281
TW-00674,2026-09,0.0038328756423996,0.549708228491889,0.375656198066131,2090000000.0,0.0040990182248695
TW-01651,2026-09,0.0897051355792421,0.518336099362921,0.36963718146295,0.0007592801711572,0.0920042864506117
TW-05983,2026-09,0.0118024372198177,0.490229669682531,0.36963718146295,0.0001505996224992,0.0121143253374391
TW-03361,2026-09,0.0077112916366703,0.564484180095294,0.375483970537909,0.0001054367142863,0.0078961711432923
TW-05200,2026-09,0.010871043447991,0.609186787301247,0.369829539481483,5420000000.0,0.0107379891453503
TW-05401,2026-09,0.006035032383557,0.5745489587237,0.376999349114147,1340000000.0,0.0061982391494314
TW-04637,2026-09,0.0132035828403954,0.671556293163446,0.36963718146295,1880000000.0,0.0132214881181163
TW-05984,2026-09,0.0084299558196202,0.560790192194443,0.371574181975159,747000000.0,0.0083727140408214
TW-01603,2026-09,0.0640284870496964,0.579313667755233,0.370236622730008,849000000.0,0.0647759933839497
TW-05373,2026-09,0.0083288936688929,0.544997055516891,0.373741564765379,1360000000.0,0.0083226384739272
TW-04972,2026-09,0.0027904382728603,0.464960650998447,0.374169896864788,0.0001037388605941,0.0036068086840513
TW-05932,2026-09,0.0101467647011118,0.523100808394454,0.372788721557295,1320000000.0,0.010240902177211
TW-06481,2026-09,0.0065409669776303,0.484340703463783,0.370917704318885,1630000000.0,0.0064908377002357
TW-05389,2026-09,0.0066114609469648,0.546977889608651,0.371214069870695,7110000000.0,0.0070936228439846
TW-00960,2026-09,0.0048004521595484,0.568392312222282,0.371740817700516,8320000000.0,0.0053222768709598
TW-00835,2026-09,0.0107325508710684,0.613737352106644,0.370188533225374,5890000000.0,0.0109988338142273
TW-05375,2026-09,0.0082534089760657,0.557952781198137,0.3709624387418,4230000000.0,0.0099353060321617
TW-01920,2026-09,0.0087038217712826,0.539696985920017,0.377983506418271,662000000.0,0.0096070985850579
TW-04921,2026-09,0.0069527016657787,0.557524492745864,0.374770456492419,4800000000.0,0.0073493073488807
TW-00941,2026-09,0.0095647215737747,0.604315006156646,0.36963718146295,53500000.0,0.0098356218958528
TW-05505,2026-09,0.007250897394468,0.630333529632207,0.370238859451153,1440000000.0,0.0089667711977811
TW-01408,2026-09,0.0183658624531652,0.519032068097864,0.37137958723548,3850000000.0,0.0217553981685146
TW-06626,2026-09,0.0059826297868836,0.474811285400717,0.376789097326447,2840000000.0,0.0090488214700798
TW-05789,2026-09,0.0055821242265938,0.569463033352963,0.372272038972629,0.0,0.0055327468953953
TW-00725,2026-09,0.0205025159484808,0.536913110980245,0.370121431591002,486000000.0,0.0210564370941672
TW-04395,2026-09,0.0069589400701446,0.648053964344986,0.370891982025709,3340000000.0,0.0069382574489635
TW-04376,2026-09,0.0054186780322076,0.430751110873173,0.373930567702194,3340000000.0,0.0065249944475728
TW-06347,2026-09,0.0036613195223378,0.596712886128808,0.36963718146295,34000000.0,0.0041243705906769
TW-01942,2026-09,0.0105759669214847,0.495529739279405,0.373337836598573,1600000000.0,0.0109254838758684
TW-03475,2026-09,0.0100232442946673,0.557845709085069,0.376091240328977,2260000000.0,0.0104796750054559
TW-05211,2026-09,0.0161256514453759,0.572996413084212,0.378193758205971,747000000.0,0.0183573922329961
TW-02576,2026-09,0.0025658557156884,0.468172814390492,0.379797487267465,0.0,0.0036178839310621
TW-05386,2026-09,0.0080687522068355,0.531827185609508,0.374849860093092,362000000.0,0.0082951894144112
TW-02292,2026-09,0.0090126227873939,0.589003693987901,0.36963718146295,0.0,0.0106437563328202
TW-06191,2026-09,0.0062708440685875,0.488837732212645,0.377271110733354,7960000000.0,0.0067992333281782
TW-04718,2026-09,0.015558580488517,0.57835001873762,0.36963718146295,0.0001584097494833,0.0155777907402416
TW-03924,2026-09,0.0036694294480135,0.475667862305263,0.394037572441806,0.0001375261490691,0.0035939763018557
TW-06082,2026-09,0.0012695152884575,0.453022110391349,0.375481733816763,3570000000.0,0.0017817815731878
TW-05761,2026-09,0.0075359924739889,0.574709566893303,0.372113231771282,0.0,0.0076138559272765
TW-06572,2026-09,0.0215068990513882,0.573049949140746,0.36963718146295,0.0004293871987604,0.023217819266009
TW-04927,2026-09,0.0041323190519621,0.584078376786766,0.375086952534541,214000000.0,0.0044627931389134
TW-01803,2026-09,0.0211063934910984,0.704266823705766,0.36963718146295,9590000000.0,0.0209812991732209
TW-06230,2026-09,0.0210452571283127,0.620429359173403,0.36963718146295,0.0001188497584548,0.0214351875049638
TW-05776,2026-09,0.0097737081200318,0.599443225012046,0.370058803398921,0.0001115489875783,0.0097202725325899
TW-00992,2026-09,0.0095360249136916,0.494405482092189,0.379473162701333,323000000.0,0.0115739111958202
TW-04410,2026-09,0.0092590397598463,0.551100165961775,0.37503998139048,3580000000.0,0.0108064930216577
TW-04025,2026-09,0.0074499024937397,0.520798757963488,0.370724227939778,1920000000.0,0.0079095040158592
TW-04817,2026-09,0.0185130887962001,0.56587611756518,0.370926651203468,4820000000.0,0.0188323635976226
TW-05587,2026-09,0.0085172934807426,0.579206595642165,0.37140307280751,4070000000.0,0.0088752343446606
TW-06617,2026-09,0.0106202595924825,0.556721451897853,0.36963718146295,2820000000.0,0.0107670652992818
TW-03090,2026-09,0.0066045987021623,0.565983189678248,0.373503353963358,4820000000.0,0.0105478917588323
TW-00177,2026-09,0.0064860690192105,0.61106054927994,0.373852282462093,0.0,0.0067385040767234
TW-05642,2026-09,0.0099627317723182,0.572353980405803,0.370297014200943,8120000000.0,0.0101844202025376
TW-03849,2026-09,0.0191344338710422,0.678890732908614,0.36963718146295,0.0003287044748122,0.0201551473449401
TW-06575,2026-09,0.010155498467224,0.600674554312329,0.36963718146295,3070000000.0,0.0104149088248091
TW-02681,2026-09,0.0029738473612173,0.581562182129664,0.370430099109114,238000000.0,0.0030070444581302
TW-06059,2026-09,0.0126502363731414,0.629423416671128,0.371079866601951,781000000.0,0.0126115419719861
TW-02127,2026-09,0.0001253919277542,0.522083623320306,0.379982016761988,0.0,0.0
TW-06058,2026-09,0.0085946496948796,0.567214518978532,0.370714162694623,27200000.0,0.0084730402510895
TW-03955,2026-09,0.0358071933793062,0.480057818941057,0.36963718146295,0.0006951013015916,0.039257173245373
TW-04910,2026-09,0.0112908880618151,0.541195995502971,0.376804754374467,0.0,0.0122553176335679
TW-03822,2026-09,0.0233048071896363,0.615718186198405,0.369638299823523,0.0003298929723968,0.0234530303922591
TW-06013,2026-09,0.0069502063040323,0.572246908292735,0.372758525821827,4010000000.0,0.0076983943445761
TW-03237,2026-09,0.0073444734599563,0.536913110980245,0.371378468874907,3090000000.0,0.0072772532697215
TW-01435,2026-09,0.0372382833408402,0.513624926387922,0.370087880773816,9980000000.0,0.0412030691646255
TW-01431,2026-09,0.0039576437297173,0.429894533968628,0.373215935296131,0.0002040820138038,0.0042176307554044
TW-04660,2026-09,0.0131368319136804,0.615932330424541,0.370729819742643,6320000000.0,0.0141927876946261
TW-04497,2026-09,0.0044666975259736,0.54997590877456,0.375633830854674,839000000.0,0.0044603727658556
TW-00408,2026-09,0.0097955425353124,0.529578671235077,0.371923110473894,1190000000.0,0.0101775382119177
TW-01105,2026-09,0.0027617416127772,0.499330799293324,0.378511372608666,0.0,0.0030209479702081
TW-00519,2026-09,0.0035858348295106,0.539696985920017,0.378185929681961,102000000.0,0.0041705237331388
TW-05264,2026-09,0.0062733394303338,0.495422667166336,0.376451352433441,0.0001918574672199,0.0067279751544325
TW-02119,2026-09,3490000000.0,0.55024358905723,0.383089940793991,0.0,0.0003513170307956
TW-00703,2026-09,0.0062658533450948,0.538197976337063,0.372619849110792,0.0,0.0064074169522148
TW-05845,2026-09,0.026584336364782,0.522190695433374,0.36963718146295,4910000000.0,0.0267932047979606
TW-00916,2026-09,0.0054030820212929,0.621607152417153,0.374852096814238,5040000000.0,0.0063020153521685
TW-02364,2026-09,0.0003100486969844,0.589324910327105,0.386092738932145,0.0,0.0003953003854305
TW-05061,2026-09,0.0032726669303432,0.483216446276567,0.376195247862254,6570000000.0,0.0039405716709866
TW-02080,2026-09,0.0089259089667081,0.549922372718026,0.374224696532859,0.0,0.0094519845739059
TW-02890,2026-09,0.0123089956543275,0.567964023770009,0.385694602568203,441000000.0,0.0138560332583667
TW-06186,2026-09,0.0235736824178059,0.613630279993576,0.372062905545503,7950000000.0,0.0256819578311686
TW-06432,2026-09,0.013986502588314,0.494833770544462,0.36966066703498,3160000000.0,0.0152773307251534
TW-05930,2026-09,0.0100818852957066,0.554901225975695,0.374593755521905,968000000.0,0.0100046252245358
TW-01568,2026-09,0.0007298933108085,0.390277852133412,0.378199350008835,0.0001033992898557,0.0018208296741006
TW-03814,2026-09,0.0023649790951069,0.517640130627978,0.386731322819253,2210000000.0,0.0024445473760553
TW-02946,2026-09,0.0020561780789956,0.553669896675411,0.37675107306697,0.0,0.0026440575130322
TW-05496,2026-09,0.0069682976766934,0.594999732319717,0.36963718146295,3400000000.0,0.0072400814695562
TW-02979,2026-09,0.0102110202660804,0.546281920873708,0.36963718146295,0.0,0.0108042106008794
TW-06280,2026-09,0.0025689749178714,0.402323464853579,0.381731132697955,0.0,0.0029515834675919
TW-06052,2026-09,0.0131624093715806,0.592055249210343,0.36963718146295,272000000.0,0.0134935019925467
TW-04339,2026-09,0.0179572469671997,0.571497403501258,0.369724413587634,968000000.0,0.0178905559536064
TW-04312,2026-09,0.0122210341527685,0.543819262273141,0.370272410268339,4300000000.0,0.0124827014622768
TW-05435,2026-09,0.0079034344911395,0.585791530595856,0.374994128606992,2950000000.0,0.0079045676952063
TW-01028,2026-09,0.0056844340581943,0.541784892124846,0.374217986369421,4260000000.0,0.0060364570392061
TW-06793,2026-09,0.016231704319596,0.595802773167728,0.36963718146295,0.0001872732622509,0.0166835358194705
TW-06578,2026-09,0.0057430750592336,0.523850313185931,0.375450419720723,3260000000.0,0.0074744145117643
TW-05964,2026-09,0.0378047304572626,0.566732694469725,0.36963718146295,5250000000.0,0.0381813966361009
TW-01390,2026-09,0.0213347190908898,0.52358263290326,0.374026746711461,0.0001332815148386,0.0224754429807933
TW-05478,2026-09,0.0143845127868574,0.62064350339954,0.374263839152909,4600000000.0,0.0150198651072068
TW-00363,2026-09,0.0026575602598669,0.524546281920874,0.37171509540734,0.0,0.0028713678046281
TW-02448,2026-09,0.0066264331174429,0.527919053482521,0.370371944359325,323000000.0,0.0066777864554382
TW-00486,2026-09,0.0490818940294727,0.546656673269447,0.36963718146295,0.0,0.0501599588112927
TW-00449,2026-09,0.0052309020607945,0.533647411531667,0.371624508200938,1170000000.0,0.0059240230924098
TW-01169,2026-09,0.0053750092016464,0.531880721666042,0.375731128224513,2020000000.0,0.0053812174347794
TW-04317,2026-09,0.0077075485940508,0.558434605706944,0.372056195382066,492000000.0,0.0078261715236048
TW-06548,2026-09,0.0149135294770845,0.536217142245302,0.370232149287716,0.0,0.0156116102376187
TW-02265,2026-09,0.0001004383102907,0.560040687402966,0.38651212414697,0.0,0.0012079652226795
TW-04730,2026-09,0.0059826297868836,0.58557738636972,0.373513419208514,0.0001113792022091,0.0063171492850242
TW-02022,2026-09,0.0014498051746316,0.501097489158949,0.393736733447704,0.0,0.002180343048183
TW-00831,2026-09,0.0100581793591162,0.583061191712619,0.371840351791502,1140000000.0,0.0116243943926707
TW-02281,2026-09,0.0004597704017657,0.541088923389903,0.386700008723212,0.0,0.0005495326125993
TW-01742,2026-09,0.010669542986973,0.550725413566037,0.372794313360159,0.0,0.0117591199428848
TW-03620,2026-09,0.006644524490104,0.607848385887895,0.375448182999577,3020000000.0,0.0071490965815382
TW-05631,2026-09,0.0080662568450891,0.555543658654103,0.378213888696282,9810000000.0,0.0086641774209384
TW-01768,2026-09,0.0095372725945648,0.550350661170298,0.38119096454126,0.0,0.0099839854171649
TW-03608,2026-09,0.0048353872239974,0.571283259275122,0.377397485478088,2330000000.0,0.004823678267787
TW-02642,2026-09,0.0072802178949876,0.605225119117726,0.374528890608679,3580000000.0,0.0074326025110361
TW-05950,2026-09,0.014081950175112,0.526527116012634,0.371973436699673,2210000000.0,0.0144984673285697
TW-06751,2026-09,0.0184450901886119,0.668825954280208,0.36963718146295,0.0,0.0186462452951774
TW-03854,2026-09,0.0200103058440124,0.609186787301247,0.36963718146295,1920000000.0,0.0202440202528141
TW-02217,2026-09,0.0002476646533256,0.518764387815194,0.379097393548849,0.0,0.0003852335190449
TW-03118,2026-09,0.0128704520472572,0.576797473098132,0.369855261774659,0.0001300555928234,0.0132176129942824
TW-04425,2026-09,0.0222704797457725,0.566786230526259,0.36963718146295,1820000000.0,0.022377703141792
TW-05812,2026-09,0.0121380633747023,0.61277370308903,0.36963718146295,3670000000.0,0.0121510094379239
TW-05931,2026-09,0.0073663078752369,0.552492103431661,0.371678189508436,0.0001694457984827,0.0079209222218457
TW-06737,2026-09,0.0055141256190056,0.570051929974838,0.371073156438514,0.0001531464030375,0.0059780496974475
TW-00659,2026-09,0.0041971984573673,0.566786230526259,0.379599537446067,7270000000.0,0.0043038621298179
TW-02661,2026-09,0.003739923417348,0.612880775202099,0.371252094130173,0.0001256411732236,0.004777454296095
TW-01773,2026-09,0.0136390234651342,0.554794153862626,0.371507080340787,6270000000.0,0.0141229530561316
TW-00280,2026-09,0.0061211223638062,0.565661973339044,0.3730481812102,0.0,0.0065816695679164
TW-06283,2026-09,0.012531082849753,0.598747256277103,0.371414256413239,7590000000.0,0.0126883555295793
TW-03950,2026-09,0.0025702225987445,0.521976551207238,0.386886774938882,1990000000.0,0.0028262884999314
TW-00533,2026-09,0.001896474927229,0.498045933936506,0.372843521225365,0.0,0.0019195724779614
TW-01649,2026-09,0.0093713310384323,0.572246908292735,0.377228613031585,0.000125131817116,0.010259587891477
TW-03638,2026-09,0.0230939491220694,0.427057122972322,0.36963718146295,0.0004652119116661,0.0242252644861185
TW-03277,2026-09,0.0088448097099516,0.677445259382194,0.372075207511804,7960000000.0,0.0090551752800427
TW-02268,2026-09,0.0002988195691258,0.605225119117726,0.371883967853844,0.0,0.0009061906303075
TW-05846,2026-09,0.0065266186475887,0.549654692435355,0.371528329191671,9170000000.0,0.0069247681868042
TW-04949,2026-09,0.0052015815602748,0.513571390331388,0.374431593238839,4300000000.0,0.0052338281086316
TW-00699,2026-09,0.0068110898866731,0.616681835216018,0.376724232413221,0.0,0.0084099038103474
TW-05138,2026-09,0.0028047866029018,0.495101450827132,0.386377920878226,0.0,0.0032715938601218
TW-03674,2026-09,0.0087406283570413,0.649071149419134,0.36963718146295,115000000.0,0.0092617801948193
TW-01008,2026-09,0.0033076019947921,0.4879811553081,0.375405685297808,4550000000.0,0.0036910226171241
TW-00736,2026-09,0.0085971450566259,0.588896621874833,0.370265700104902,3330000000.0,0.0089254862421462
TW-00131,2026-09,0.0047312058710871,0.52331495262059,0.37367558149158,1240000000.0,0.0051347468131777
TW-06746,2026-09,0.0134150647483989,0.640023555864875,0.36963718146295,0.0001134166266397,0.0137349303241821
TW-02704,2026-09,0.0173957905742701,0.547673858343594,0.372629914355947,0.0,0.0181781323800604
TW-04735,2026-09,0.0116945128242879,0.652925745489587,0.36963718146295,4670000000.0,0.0116492237939271
TW-03633,2026-09,0.0036126599682839,0.568231704052679,0.373419476920393,4740000000.0,0.0036734346623348
TW-01209,2026-09,0.0014186131528022,0.564002355586487,0.383172699476384,0.0,0.0023588375872939
TW-05508,2026-09,0.0080662568450891,0.582365222977675,0.369751254241383,642000000.0,0.0080268924897648
TW-00886,2026-09,0.0071673027759651,0.551581990470582,0.36963718146295,6060000000.0,0.0078108481013446
TW-02191,2026-09,0.0102665420649368,0.539804058033085,0.371938767521914,1580000000.0,0.0101412323976726
TW-04018,2026-09,0.0273672561127005,0.550618341452969,0.36963718146295,0.0006022287046276,0.0277043325288413
TW-01397,2026-09,0.0133214886829106,0.572461052518871,0.36963718146295,3070000000.0,0.0138207133942427
TW-01384,2026-09,0.0026987337286818,0.510733979335082,0.376258994414907,3820000000.0,0.0034030925561471
TW-06809,2026-09,0.0028615560826314,0.500936880989346,0.371641283609531,6010000000.0,0.0028875511044738
TW-02129,2026-09,0.0027866952302407,0.525831147277692,0.37984222169038,0.0,0.00296173550126
TW-00735,2026-09,0.0059863728295031,0.612880775202099,0.371904098344155,362000000.0,0.0061148487371855
TW-03562,2026-09,0.0163770591413211,0.593072434284491,0.36963718146295,4020000000.0,0.0191366240139531
TW-01711,2026-09,0.0176590512385104,0.534771668718882,0.36963718146295,0.000214948277434,0.0178304401249635
TW-04472,2026-09,0.0198768039905825,0.6802826703785,0.36963718146295,4410000000.0,0.0204208559953145
TW-06452,2026-09,0.0037031168315892,0.554365865410354,0.375204380394692,374000000.0,0.0045862954694229
TW-06156,2026-09,0.0144868226184579,0.466887949033674,0.370370825998752,4520000000.0,0.0144954383557263
TW-06560,2026-09,0.0367298533850206,0.600888698538466,0.36963718146295,3570000000.0,0.0375348080497018
TW-01315,2026-09,0.0066226900748234,0.5937148669629,0.372028236367744,0.0,0.0065802694677064
TW-01724,2026-09,0.0057436988996702,0.533968627870871,0.378596368012204,1340000000.0,0.0062380900315338
TW-03071,2026-09,0.0011840491486449,0.535146421114621,0.388668323331462,0.0001441477784688,0.0012098514440115
TW-03756,2026-09,0.0267034898881704,0.599443225012046,0.370106892903555,0.0001984790966195,0.028747278242586
TW-01935,2026-09,0.0032233835358527,0.471866802291343,0.391576060820921,3890000000.0,0.0033566114666129
TW-03990,2026-09,0.0071935040743018,0.513517854274854,0.370927769564041,3260000000.0,0.0071536883459389
TW-05816,2026-09,0.0298457741672666,0.545425343969163,0.369813882433463,543000000.0,0.0309589386108214
TW-01648,2026-09,0.0064405286673395,0.541945500294448,0.37661463307708,0.0,0.0068117361535463
TW-00391,2026-09,0.0082958301257537,0.523903849242465,0.372716028120058,0.0,0.0082869299225481
TW-06072,2026-09,0.0075771659428038,0.585523850313186,0.370556473853848,1020000000.0,0.0078510286900193
TW-00559,2026-09,0.0029158302006146,0.511376412013491,0.373392636266644,0.0,0.0030701630667775
TW-06088,2026-09,0.0095478778819868,0.524599817977408,0.37183587834921,4570000000.0,0.0108390247834835
TW-02628,2026-09,0.0067143946190019,0.53172011349644,0.437323718414702,0.0,0.006672098229348
TW-05999,2026-09,0.0189753545597121,0.464960650998447,0.372454331746007,0.0001076439240862,0.0223759697161802
TW-00217,2026-09,0.00566509500466,0.583435944108357,0.371337089533711,1320000000.0,0.0056485166980233
TW-02947,2026-09,0.0077000625088117,0.587986508913753,0.369870918822679,0.0001285275245004,0.0080597043552401
TW-06197,2026-09,0.0072739794906218,0.547727394400128,0.372138954064458,985000000.0,0.007257203325334
TW-01227,2026-09,0.0051878570706698,0.527008940521441,0.376494968495783,0.0,0.0059193464851734
TW-06351,2026-09,0.0071186432219112,0.600299801916591,0.373508945766222,2190000000.0,0.0078684273737819
TW-05163,2026-09,0.0144468968305163,0.77354248086086,0.36963718146295,4790000000.0,0.014973968096768
TW-01022,2026-09,0.007564689134072,0.611595909845281,0.371181637414082,0.0,0.0076194118539484
TW-03347,2026-09,0.0100088959646258,0.680389742491568,0.370647061060251,6940000000.0,0.0101893203536128
TW-04969,2026-09,0.0112447238695076,0.627335510466299,0.36963718146295,9440000000.0,0.0118948684800691
TW-00282,2026-09,0.0018209902344018,0.537662615771722,0.388865154792287,84900000.0,0.0019322794552331
TW-04122,2026-09,0.0054086965852222,0.59660581401574,0.374081546379531,1360000000.0,0.0053220886419064
TW-05918,2026-09,0.0056407652276331,0.543605118047005,0.379108577154578,5250000000.0,0.0067651516341188
TW-06518,2026-09,0.0157245220446495,0.565394293056373,0.372261973727473,0.0006360159931026,0.0181540980543824
TW-06629,2026-09,0.0370049670175561,0.553723432731945,0.36963718146295,3430000000.0,0.0384108485760041
TW-02668,2026-09,0.002968232797288,0.544140478612345,0.37620531310741,156000000.0,0.0030521959834346
TW-01226,2026-09,0.0016631586039449,0.475400182022592,0.372187043569091,34000000.0,0.0018244686630645
TW-00133,2026-09,0.0071991186382311,0.573638845762621,0.37594809017565,985000000.0,0.0084248647069946
TW-05495,2026-09,0.0077069247536142,0.629209272444992,0.37125880429361,1530000000.0,0.0077602370412619
TW-02336,2026-09,8920000000.0,0.563466995021147,0.390901689395481,0.0,0.0004843274367268
TW-03311,2026-09,0.0095952897551675,0.592269393436479,0.374971761395535,4060000000.0,0.0096283680375802
TW-02473,2026-09,0.0056881771008138,0.658439959312597,0.371528329191671,0.0,0.0057113183783105
TW-03340,2026-09,0.0167488680415278,0.538786872958938,0.36963718146295,0.0003923739882702,0.0180215005007528
TW-05420,2026-09,0.0034978733279516,0.582365222977675,0.373682291655017,2020000000.0,0.0040370382123189
TW-00252,2026-09,0.005795477655907,0.549547620322287,0.37423699849916,323000000.0,0.0058840445280165
TW-00262,2026-09,0.0029245639667268,0.549119331870014,0.374514351921232,2670000000.0,0.0030797546934872
TW-05001,2026-09,0.0126165489895656,0.665774399057765,0.36963718146295,5090000000.0,0.0129916166622735
TW-05219,2026-09,0.0453856394426859,0.560897264307511,0.370791329574151,0.0002332850973099,0.0507399767375863
TW-06110,2026-09,0.0151930099926761,0.598158359655228,0.370757778756965,2090000000.0,0.0151181711744907
TW-04250,2026-09,0.0133882396096256,0.550778949622571,0.3707521869541,6890000000.0,0.0146327246022352
TW-03471,2026-09,0.0167944083933988,0.644145832217999,0.371659177378697,560000000.0,0.0171062262837341
TW-05970,2026-09,0.0250365882416059,0.556989132180524,0.37372255263564,205000000.0,0.0254684702706391
TW-04247,2026-09,0.0060356562239936,0.481824508806681,0.38121445011329,4040000000.0,0.0067603564041443
TW-06233,2026-09,0.0145648026730315,0.523529096846726,0.376680616350879,221000000.0,0.0146085812624355
TW-03485,2026-09,0.02005647003632,0.583221799882221,0.36963718146295,0.0002898236252605,0.0222748754592471
TW-03926,2026-09,0.0084536617562106,0.504684404946732,0.372845757946511,3550000000.0,0.0103168983597483
TW-03565,2026-09,0.0085846682478942,0.698966754108892,0.377958902485668,1630000000.0,0.0084696235518527
TW-06372,2026-09,0.0019700880987464,0.530488784196156,0.377505966453656,475000000.0,0.0020460180462499
TW-05735,2026-09,0.0058522471356366,0.580009636490176,0.370375299441043,3510000000.0,0.0060344238309992
TW-06612,2026-09,0.0379569475237902,0.568124631939611,0.36963718146295,0.0,0.0381592555572757
TW-06194,2026-09,0.0368820704515482,0.55982654317683,0.36963718146295,951000000.0,0.0484758150261119
TW-04565,2026-09,0.0088148653689953,0.647625675892714,0.372448739943143,6230000000.0,0.0101988867171483
TW-03412,2026-09,0.0141075276330121,0.591734032871139,0.37533634694229,4040000000.0,0.0150703634719447
TW-06589,2026-09,0.0024061525639218,0.55602548316291,0.37478275845872,323000000.0,0.0025709575172499
TW-04911,2026-09,0.0058154405498779,0.551742598640184,0.375603635119206,2190000000.0,0.0058868659110682
TW-00442,2026-09,0.0029757188825271,0.49954494351946,0.375244641375315,1210000000.0,0.0028830838090928
TW-00373,2026-09,0.0021809461663133,0.467102093259811,0.373922739178184,0.0,0.0021088948983627
TW-04971,2026-09,0.0096183718513213,0.513303710048718,0.370378654522762,8780000000.0,0.0109142088195496
TW-04526,2026-09,0.0102079010638975,0.5985866481075,0.370535225002964,4720000000.0,0.0109055812989569
TW-05325,2026-09,0.0148380447842573,0.567910487713475,0.37302469563817,1390000000.0,0.0148226901822446
TW-05288,2026-09,0.145349831001626,0.536431286471438,0.36963718146295,0.0,0.148477784951596
TW-03612,2026-09,0.0108005494786565,0.387172760854435,0.371952187848789,0.0002618090393391,0.0116616594525702
TW-00330,2026-09,0.0118735550295888,0.621714224530221,0.375749021993679,3070000000.0,0.0119350327465745
TW-02350,2026-09,0.0031061015337741,0.521280582472295,0.374167660143642,170000000.0,0.0040125324841722
TW-04611,2026-09,0.0048578454797145,0.552385031318593,0.374080428018958,165000000.0,0.0048059318332192
TW-02905,2026-09,0.0083345082328222,0.625086996091868,0.371680426229582,0.0,0.0088495990550125
TW-03458,2026-09,0.0044729359303394,0.583435944108357,0.375813886906905,2070000000.0,0.0044713640560198
TW-03220,2026-09,0.0613915135242368,0.554901225975695,0.36963718146295,0.0003185173526589,0.0638934246762525
TW-00597,2026-09,0.0119010040087986,0.55168906258365,0.370966912184091,9390000000.0,0.0124877119751756
TW-00894,2026-09,0.0049252202468661,0.551742598640184,0.383018365717328,6280000000.0,0.0052707628317834
TW-05534,2026-09,0.0103152016189907,0.519513892606671,0.37288825564828,2920000000.0,0.0104070918846078
TW-02646,2026-09,0.0022558070187039,0.507628888056106,0.385038124911929,0.0,0.0027344526129392
TW-02401,2026-09,0.0002220871954255,0.549279940039617,0.380278382313799,0.0,0.0002982814422404
TW-06074,2026-09,0.0118947656044328,0.548048610739333,0.372860296633958,700000000.0,0.0120741415230146
TW-04618,2026-09,0.0706960936359542,0.767492906472509,0.36963718146295,9610000000.0,0.0730969316631038
TW-02162,2026-09,0.0036363659048743,0.506290486642754,0.373219290377849,0.0,0.0060564579671707
TW-01107,2026-09,0.0066320476813722,0.551474918357514,0.37276747270641,696000000.0,0.0070360733894553
TW-03761,2026-09,0.0126171728300022,0.580598533112051,0.372051721939774,2380000000.0,0.0131715968806747
TW-03036,2026-09,0.0135753917406022,0.566732694469725,0.371598785907762,3840000000.0,0.0139522482099309
TW-00523,2026-09,0.0018184948726554,0.548583971304674,0.391385939523534,340000000.0,0.0025159732513555
TW-02102,2026-09,0.0081685666766897,0.534236308153541,0.370255634859746,0.0,0.0084088472181771
TW-04092,2026-09,0.0071442206798114,0.645644841800953,0.370379772883335,946000000.0,0.0085709198954608
TW-00498,2026-09,0.0056413890680697,0.531398897157235,0.372461041909444,543000000.0,0.0064211498676745
TW-05520,2026-09,0.005125473027011,0.525831147277692,0.379249490586759,1100000000.0,0.0054370821057581
TW-00709,2026-09,0.0078248305961294,0.588147117083356,0.369899996197574,2090000000.0,0.0079400691871394
TW-02748,2026-09,0.0130145591881091,0.601316986990738,0.37101723840987,0.0,0.0129248243862918
TW-03941,2026-09,0.0482409571209514,0.577065153380802,0.36963718146295,1820000000.0,0.0512352588144688
TW-02842,2026-09,0.0150432882878949,0.536698966754109,0.370741003348372,7130000000.0,0.017028849823438
TW-02213,2026-09,0.001656920199579,0.535414101397291,0.377596553660059,0.0,0.0024536800540616
TW-02083,2026-09,0.0021634786340888,0.531345361100701,0.38203309005263,0.0,0.0022815316005843
TW-02694,2026-09,0.0049033858315855,0.674179559933615,0.370477070253175,0.0,0.0056494060253944
TW-06668,2026-09,0.0204201690108511,0.657904598747256,0.36963718146295,153000000.0,0.0208196807838376
TW-04021,2026-09,0.0402632856178578,0.513303710048718,0.36963718146295,0.0007275303071128,0.0410937269461691
TW-04548,2026-09,0.0098460736106761,0.555918411049842,0.377509321535375,8740000000.0,0.0107181475082811
TW-06006,2026-09,0.0072920708632828,0.52042400556775,0.372127770458729,0.000128187953762,0.0075515004611562
TW-06032,2026-09,0.0122459877702321,0.485625568820601,0.375104846303707,9290000000.0,0.0126203065463904
TW-03161,2026-09,0.0254707811854715,0.528722094330532,0.370157219129334,0.0001329419441002,0.0256420022338645
TW-05259,2026-09,0.0136508764334294,0.611542373788747,0.372200463895966,9150000000.0,0.013528992041491
TW-06321,2026-09,0.0076882095405165,0.523903849242465,0.382698514593487,391000000.0,0.0078953314749983
TW-04509,2026-09,0.0095747030207601,0.591038064136196,0.375345293826873,5500000000.0,0.0097799497029326
TW-06151,2026-09,0.0063800161449905,0.562878098399272,0.374674277483152,2870000000.0,0.0065104704809227
TW-05623,2026-09,0.0160121124859168,0.55891643021575,0.376031967218615,4670000000.0,0.0173726574459144
TW-03065,2026-09,0.0291071470903458,0.660742009743562,0.36963718146295,683000000.0,0.0294854523366455
TW-02753,2026-09,0.0078023723404122,0.644252904331067,0.36963718146295,4480000000.0,0.0080458882815722
TW-03027,2026-09,0.0300347978195529,0.531505969270304,0.36963718146295,0.0,0.0309708068931394
TW-05876,2026-09,0.0050131817484251,0.577546977889609,0.373895898524435,917000000.0,0.0049561792548208
TW-01956,2026-09,0.0120912753419581,0.528186733765191,0.36963718146295,5640000000.0,0.0146422752675376
TW-04483,2026-09,0.0125822377655533,0.674393704159752,0.369980518158821,0.0001137561973782,0.0135617283295821
TW-00142,2026-09,0.0039507814849149,0.513303710048718,0.383786679430889,543000000.0,0.00480479238233
TW-04786,2026-09,0.0063176321013316,0.662562235665721,0.376144921636475,2700000000.0,0.0062646210813346
TW-03616,2026-09,0.0308888353772426,0.545050591573425,0.374223578172286,3280000000.0,0.0338944037927131
TW-05477,2026-09,0.0034504614547709,0.543551581990471,0.377079871075393,8250000000.0,0.0044628399029268
TW-06605,2026-09,0.0350167875461486,0.572032764066599,0.36963718146295,5400000000.0,0.0353389472481097
TW-01602,2026-09,0.0038709299090315,0.553937576958081,0.378702612266626,7100000000.0,0.0040570897976584
TW-04167,2026-09,0.0082003825389557,0.49494084265753,0.376006244925439,7100000000.0,0.0113095604613337
TW-04997,2026-09,0.0067462104812679,0.586808715670004,0.371920873752748,6270000000.0,0.0087510199158394
TW-05536,2026-09,0.0249997816558472,0.561914449381659,0.36963718146295,4550000000.0,0.0257889165137566
TW-03016,2026-09,0.0057723955597533,0.454735264200439,0.377908576259889,0.0038885943112732,0.0070165004130468
TW-05893,2026-09,0.0068329243019537,0.550350661170298,0.371920873752748,3910000000.0,0.0068895427741324
TW-04768,2026-09,0.0149790327229263,0.616521227046416,0.370699624007175,5820000000.0,0.0155074318456484
TW-03525,2026-09,0.0150838379162731,0.599122008672841,0.36963718146295,0.0002731846590769,0.0156237304528696
TW-04237,2026-09,0.0068416580680659,0.545104127629959,0.378834578814225,2330000000.0,0.0074763632390184
TW-04468,2026-09,0.0165685781553537,0.617163659724825,0.36963718146295,0.0001955927453428,0.0172710111552458
TW-06123,2026-09,0.0057081399947846,0.557952781198137,0.372978842854682,4010000000.0,0.0061274649629462
TW-00842,2026-09,0.0040668158061203,0.493655977300712,0.377246506800751,5250000000.0,0.0049820636572106
TW-03886,2026-09,0.0022676599869991,0.527169548691043,0.381119389464596,0.0,0.002973120719743
TW-01709,2026-09,0.0088828639765835,0.543444509877402,0.371262159375329,0.0,0.0102646296822943
TW-01036,2026-09,0.0182267460358059,0.550778949622571,0.36963718146295,4450000000.0,0.0181193992874847
TW-04849,2026-09,0.0213921124110559,0.689919160554634,0.36963718146295,2510000000.0,0.0215833596026695
TW-06278,2026-09,0.0032739146112164,0.507147063547299,0.373375860858051,679000000.0,0.0032793234742215
TW-04298,2026-09,0.0145167669594142,0.536110070132234,0.378562817195018,1430000000.0,0.0145740306866095
TW-02900,2026-09,0.0068179521314756,0.525831147277692,0.372988908099838,2260000000.0,0.0068090067823566
TW-01172,2026-09,0.0286367714011581,0.556507307671717,0.36963718146295,475000000.0,0.029328487699718
TW-05558,2026-09,0.0187071031719791,0.548744579474276,0.370815933506754,2990000000.0,0.0193964785897731
TW-00369,2026-09,0.0045945848154742,0.558862894159216,0.373416121838674,1290000000.0,0.0048374289779053
TW-04173,2026-09,0.0085278987681646,0.554687081749558,0.373314351026543,1430000000.0,0.0084889971307509
TW-06754,2026-09,0.0236934597816309,0.58846833342256,0.369819474236327,3990000000.0,0.0247012788847832
TW-02920,2026-09,0.0279212264203911,0.634562878098399,0.369737833914508,0.0,0.0279879121077606
TW-04684,2026-09,0.0081529706657749,0.566839766582794,0.381917898913625,2040000000.0,0.0080563774404132
TW-00852,2026-09,0.0030799002354373,0.521923015150704,0.380753685557268,3280000000.0,0.0031944525863127
TW-02056,2026-09,0.001590169272864,0.49258525617003,0.37288825564828,0.0,0.0026016374678216
TW-00806,2026-09,0.0043893413118366,0.552438567375127,0.375141752202611,2070000000.0,0.0043089127493315
TW-01310,2026-09,0.0045920894537278,0.578457090850688,0.375095899419124,0.0,0.0064682282637502
TW-03236,2026-09,0.004660088061316,0.579420739868301,0.374679869286016,5570000000.0,0.0066995824289473
TW-03464,2026-09,0.0247845567052242,0.626050645109481,0.376102423934706,0.0001431290662534,0.0258866063193192
TW-06507,2026-09,0.0133651575134718,0.524653354033942,0.371010528246433,419000000.0,0.0133619136992922
TW-01870,2026-09,0.0039482861231685,0.307350500562129,0.270742792725288,968000000.0,0.0042616767469879
TW-03864,2026-09,0.0167413819562887,0.572514588575406,0.374127399163019,3740000000.0,0.0168550371451058
TW-05945,2026-09,0.005199710038965,0.603511965308635,0.372566167803294,2480000000.0,0.0053340969729294
TW-00988,2026-09,0.004138557456328,0.570587290540179,0.378560580473872,2430000000.0,0.0043281807270387
TW-05593,2026-09,0.0070169572307473,0.580384388885915,0.372269802251484,0.0,0.0070431742256749
TW-02906,2026-09,0.0240003892764324,0.55575780288024,0.36963718146295,0.0,0.0263730641672636
TW-04619,2026-09,0.0172560503164743,0.60843728250977,0.36963718146295,0.0001865941207741,0.0178328626069255
TW-06739,2026-09,0.0040693111678667,0.534289844210076,0.37251807829866,0.0001466945590071,0.0039746615573274
TW-00570,2026-09,0.0028253733373092,0.536645430697575,0.377257690406479,50900000.0,0.0037328172474703
TW-03722,2026-09,0.0354590904156898,0.644574120670271,0.36963718146295,0.0001273390269159,0.0358091175801557
TW-01847,2026-09,0.0126065675425802,0.567749879543873,0.372011460959151,0.0005412757570772,0.0144520830926418
TW-05696,2026-09,0.0039457907614222,0.525135178542748,0.388256766640646,1680000000.0,0.0042882069045601
TW-03545,2026-09,0.0627159267711142,0.640451844317148,0.369657311953261,0.0,0.0643833503113245
TW-00759,2026-09,0.0161624580311346,0.703463782857755,0.3697423073568,5480000000.0,0.0163998878883474
TW-01784,2026-09,0.0056850578986309,0.549708228491889,0.378280990330654,2610000000.0,0.0075475211025515
TW-01741,2026-09,0.0064704730082958,0.501472241554687,0.37572218133993,5400000000.0,0.0065683388728866
TW-00948,2026-09,0.0047230959454114,0.51753305851491,0.379318828942277,0.0001088324216707,0.0049501434526276
TW-01917,2026-09,0.0011584716907448,0.546710209325981,0.39189143850247,0.0001346397977924,0.0012305802433934
TW-05663,2026-09,0.0082421798482071,0.625354676374538,0.371602140989481,1320000000.0,0.0088778189751456
TW-01575,2026-09,0.007599624198521,0.576958081267734,0.378886023400577,3010000000.0,0.0075811890396018
TW-00153,2026-09,0.0085035689911377,0.571765083783928,0.372029354728317,815000000.0,0.0083696377237041
TW-05329,2026-09,0.0086008880992455,0.573317629423417,0.373146596940613,2000000000.0,0.0097061233581373
TW-06729,2026-09,0.0029108394771219,0.587183468065742,0.376587792423331,1050000000.0,0.0042295211936945
TW-03126,2026-09,0.0018384577666262,0.543069757481664,0.386276150066095,0.0002339642387868,0.0017258431779153
TW-02864,2026-09,0.0070755982317866,0.539536377750415,0.375416868903537,1530000000.0,0.0071905231457185
TW-04940,2026-09,0.007599624198521,0.525349322768885,0.377699442832763,3650000000.0,0.0078709243911546
TW-02208,2026-09,0.0017985319786846,0.536002998019166,0.377687140866461,0.0,0.0025796517178975
TW-04687,2026-09,0.0082409321673339,0.494833770544462,0.374883410910278,6450000000.0,0.008779967333028
TW-05320,2026-09,0.0101735898398851,0.580759141281653,0.371830286546346,8170000000.0,0.010069035861415
TW-01039,2026-09,0.00590464973231,0.564644788264896,0.378490123757781,5500000000.0,0.0062929933292359
TW-00865,2026-09,0.0069383533357372,0.683762514053215,0.370376417801616,5960000000.0,0.0073434798477663
TW-00076,2026-09,0.0036862731398013,0.558862894159216,0.384182579073684,0.0,0.0036460415386933
TW-01965,2026-09,0.0086058788227382,0.511376412013491,0.372758525821827,4940000000.0,0.0096150091843126
TW-01060,2026-09,0.008234693762968,0.483484126559238,0.370364115835315,0.0002062892236037,0.0090182378240506
TW-03539,2026-09,0.0162279612769764,0.579367203811767,0.36963718146295,0.0002918610496912,0.0169703060954796
TW-01907,2026-09,0.0088997076683714,0.601959419669147,0.371502606898495,4920000000.0,0.0090083860284511
TW-01123,2026-09,0.0043344433534168,0.528079661652123,0.374863280419967,391000000.0,0.0043919906444457
TW-02521,2026-09,0.0023967949573729,0.534396916323144,0.382351822815898,0.0,0.0037025258281697
TW-00143,2026-09,0.0184332372203167,0.540660634937631,0.372456568467153,0.0,0.0190240416015533
TW-03774,2026-09,0.0229710525560614,0.549012259756946,0.36963718146295,0.0002838811373378,0.0239551040451761
TW-03709,2026-09,0.0350629517384561,0.559773007120296,0.36963718146295,0.0001971208136658,0.0379143740261395
TW-02133,2026-09,0.0007111780977108,0.563841747416885,0.386984072308721,0.0,0.0006466453833055
TW-05929,2026-09,0.0143838889464208,0.593125970341025,0.37345750117987,1510000000.0,0.0144738762147628
TW-04071,2026-09,0.0018740166715118,0.418705498153006,0.383531693220275,2070000000.0,0.0021870354807655
TW-03759,2026-09,0.0057798816449923,0.544622303121152,0.378193758205971,2700000000.0,0.0059570884880944
TW-06747,2026-09,0.0081355031335505,0.583917768617164,0.372260855366901,379000000.0,0.0083905546148734
TW-01615,2026-09,0.0052022054007114,0.533647411531667,0.383987984334005,0.0001854056231895,0.0056751966751404
TW-00798,2026-09,0.0032720430899066,0.558059853311205,0.37256840452444,4740000000.0,0.004624996487142
TW-04367,2026-09,0.0133701482369645,0.68199582418759,0.36963718146295,6520000000.0,0.014078910259101
TW-03228,2026-09,0.0064642346039299,0.603297821082499,0.370508384349215,0.0002609601124929,0.008231774049259
TW-05380,2026-09,0.0046681979869916,0.620054606777665,0.377405314002098,576000000.0,0.0055319601368856
TW-04201,2026-09,0.0140064654822848,0.702071845387869,0.36963718146295,4160000000.0,0.0143684348512666
TW-01810,2026-09,0.002489123341988,0.633331548798116,0.377659181852139,102000000.0,0.00327165015164
TW-01971,2026-09,0.0030281214792005,0.531077680818031,0.370714162694623,0.0001288670952388,0.0061513218162298
TW-04148,2026-09,0.0080999442286649,0.543819262273141,0.371601022628908,0.0001115489875783,0.0082113631702957
TW-02485,2026-09,0.0032240073762893,0.552599175544729,0.378527029656686,0.0,0.0036161246932124
TW-06714,2026-09,0.0070150857094375,0.604047325873976,0.369875392264971,419000000.0,0.0070700067801346
TW-04391,2026-09,0.0073744178009125,0.548369827078537,0.371074274799087,5420000000.0,0.0076369656669524
TW-01199,2026-09,0.0037199605233771,0.535574709566893,0.398919216342379,0.0,0.00427737716394
TW-04913,2026-09,0.0130657141039094,0.545104127629959,0.377056385503363,2440000000.0,0.0131469728916728
TW-01122,2026-09,0.0092496821532975,0.527062476577975,0.371174927250645,0.0,0.0092548449262927
TW-00009,2026-09,0.0075166534204547,0.542962685368596,0.374508760118367,0.0,0.0076046826310278
TW-04068,2026-09,0.0069314910909347,0.605332191230794,0.371187229216946,79800000.0,0.0072580079533747
TW-04213,2026-09,0.0092340861423828,0.621553616360619,0.371548459681983,0.0001387146466537,0.0092010472247052
TW-01807,2026-09,0.0324646563200651,0.389153594946196,0.370006240451997,0.001507524293315,0.032511053897086
TW-00186,2026-09,0.0009931539750488,0.511215803843889,0.389358351804922,0.0,0.0009799932031361
TW-00011,2026-09,0.0051229776652646,0.498956046897585,0.373113046123427,1210000000.0,0.0054156757117328
TW-03852,2026-09,0.0045147332395909,0.448685689812088,0.373516774290233,0.0003091791573518,0.004826873026701
TW-06562,2026-09,0.015068865745795,0.595856309224263,0.36963718146295,0.000471324184958,0.0170760221967745
TW-03035,2026-09,0.0062777063133899,0.573157021253815,0.375600280037487,2650000000.0,0.0062079047500093
TW-02243,2026-09,0.0085784298435283,0.525617003051555,0.36963718146295,0.0,0.009505839159751
TW-01103,2026-09,0.0021154429204715,0.450184699395043,0.386018927134335,0.0001084928509323,0.003092960189492
TW-04901,2026-09,0.0059670337759689,0.600781626425398,0.370120313230429,696000000.0,0.0060107451925941
TW-00149,2026-09,0.0138224325534912,0.532469618287917,0.37036635255646,0.0,0.013834128152188
TW-00812,2026-09,0.0047630217333531,0.606831200813748,0.373907082130164,272000000.0,0.0047085497280013
TW-02175,2026-09,0.0006069967448006,0.50505915734247,0.374241471941452,0.0,0.0006380600158381
TW-04301,2026-09,0.0051660226553893,0.458643396327426,0.382689567708904,4480000000.0,0.0050289244306014
TW-03389,2026-09,0.010871043447991,0.550564805396434,0.370243332893445,0.0004030704665311,0.0114779821130753
TW-04271,2026-09,0.0090013936595353,0.567964023770009,0.370191888307093,9640000000.0,0.00929072983946
TW-05086,2026-09,0.008495459065462,0.517747202741046,0.375054520077927,0.0003253087674278,0.0088024579346371
TW-00860,2026-09,0.0129409460165917,0.610311044488463,0.36963718146295,3360000000.0,0.0129525433356227
TW-06342,2026-09,0.0062190653123506,0.562449809946999,0.375868686574976,0.0,0.0070922486246456
TW-04028,2026-09,0.0506015693330023,0.440815889501579,0.36963718146295,0.0008212518309229,0.0515868190306127
TW-06205,2026-09,0.0111411663570339,0.550725413566037,0.36963718146295,0.000136677222223,0.0113459097951242
TW-04802,2026-09,0.0112977503066176,0.561593233042454,0.376110252458716,968000000.0,0.0112687867776864
TW-01545,2026-09,0.00595767616942,0.501151025215483,0.375620410527799,0.0001307347343003,0.0066657522747411
TW-05781,2026-09,0.0120887799802118,0.504416724664061,0.36963718146295,0.0001186799730856,0.0126661460673537
TW-02432,2026-09,0.0002825997177745,0.543551581990471,0.381684161553895,0.0,0.0005016152907136
TW-04372,2026-09,0.0064105843263833,0.538786872958938,0.371649112133541,1700000000.0,0.006432598066271
TW-06105,2026-09,0.0044043134823147,0.472027410460945,0.382649306728281,713000000.0,0.005165568428449
TW-04612,2026-09,0.00478735151038,0.51346431821832,0.377395248756942,0.0001431290662534,0.0048120971895117
TW-03327,2026-09,0.0232305701776822,0.697253600299802,0.36963718146295,0.0002278519654948,0.023365241660772
TW-00505,2026-09,0.0187726064178209,0.542962685368596,0.36963718146295,1040000000.0,0.0196511660883997
TW-01280,2026-09,0.0052583510400043,0.558273997537341,0.376371948832767,0.0,0.0053524765591697
TW-00348,2026-09,0.0023680982972899,0.534022163927405,0.374028983432606,289000000.0,0.0026314259883574
TW-03037,2026-09,0.0061049025124549,0.571497403501258,0.373365795612895,3550000000.0,0.006722216922708
TW-02036,2026-09,0.0077967577764829,0.572461052518871,0.375430289230411,0.0004677586922044,0.00938713651412
TW-03969,2026-09,0.0031903199927135,0.394132448203865,0.390448753363469,0.0001674083740521,0.0036939532638718
TW-01683,2026-09,0.0064124558476931,0.554044649071149,0.375640541018111,2500000000.0,0.0065889225509626
TW-04941,2026-09,0.0090637777031941,0.601905883612613,0.374241471941452,2290000000.0,0.0117777261926445
TW-01339,2026-09,0.0058915490831417,0.553081000053536,0.380294039361819,458000000.0,0.0058111217300968
TW-05166,2026-09,0.0095547401267893,0.615664650141871,0.37135610166345,0.0,0.0096598827523079
TW-04102,2026-09,0.0172098861241667,0.599710905294716,0.36963718146295,3190000000.0,0.0172050908736893
TW-06786,2026-09,0.0090038890212816,0.544889983403823,0.371268869538766,0.0001264901000697,0.0101609909950815
TW-02970,2026-09,0.0009825486876268,0.526848332351839,0.381998420874871,0.0,0.0010550040345309
TW-03068,2026-09,0.0054130634682783,0.548316291022003,0.376780150441864,0.0001348095831616,0.0057658579898784
TW-00872,2026-09,0.0048778083736854,0.538251512393597,0.373116401205145,3170000000.0,0.0052330450625418
TW-02331,2026-09,0.0004323214225558,0.542909149312062,0.381858625803263,0.0,0.0007614358183387
TW-05801,2026-09,0.0098304775997614,0.66609561539697,0.36963718146295,0.0001011920800558,0.0100796542561477
TW-00702,2026-09,0.0029551321481196,0.56127201670325,0.376321622606988,5600000000.0,0.0037921440402366
TW-05159,2026-09,0.003891516643439,0.50099041704588,0.375790401334875,7790000000.0,0.0042761121583822
TW-00558,2026-09,0.0021310389313862,0.494084265752985,0.375056756799073,7760000000.0,0.0023479220679339
TW-04351,2026-09,0.023349099860634,0.654103538733337,0.369793751943152,0.0001015316507942,0.0241982430349937
TW-05605,2026-09,0.0070731028700403,0.653193425772258,0.371932057358477,0.0001045877874402,0.0071381085358418
TW-03544,2026-09,0.005481685916303,0.613737352106644,0.373997669336566,3580000000.0,0.0058503184962726
TW-06094,2026-09,0.0225343642504495,0.642111462069704,0.370157219129334,8740000000.0,0.0226596266195049
TW-06117,2026-09,0.0121343203320827,0.535895925906098,0.370292540758651,50900000.0,0.0122749954874014
TW-01774,2026-09,0.024240567844519,0.468815247068901,0.36963718146295,0.0,0.034945039968565
TW-03648,2026-09,0.0115435434386334,0.633545693024252,0.373718079193349,4580000000.0,0.0123742937566465
TW-02544,2026-09,0.002122305165274,0.507039991434231,0.378248557874041,0.0,0.0028310635830082
TW-04323,2026-09,0.0097312869703438,0.629958777236469,0.371526092470526,9270000000.0,0.0099268810786748
TW-04161,2026-09,0.010849832873147,0.547995074682799,0.371864955724105,6060000000.0,0.0114214862495835
TW-03622,2026-09,0.0286773210295364,0.728839873654907,0.36963718146295,0.0001631637398215,0.0291959697915361
TW-03449,2026-09,0.0092933509838587,0.569516569409497,0.373880241476415,747000000.0,0.0094410265208195
TW-02938,2026-09,0.0040792926148521,0.54590716847797,0.383493668960797,1700000000.0,0.0058119312373181
TW-03398,2026-09,0.0054242925961369,0.53434338026661,0.377926470029055,4300000000.0,0.0055465720722914
TW-02192,2026-09,0.0033612522723387,0.56180737726859,0.380059183641516,4580000000.0,0.0048253617722685
TW-04062,2026-09,0.0050643366642253,0.591198672305798,0.377161511397213,747000000.0,0.0059650179988533
TW-02869,2026-09,0.0099864377089085,0.562449809946999,0.382662727055155,951000000.0,0.0102807810241311
TW-06803,2026-09,0.0057736432406264,0.526098827560362,0.370548645329838,3750000000.0,0.0061751447773025
TW-03666,2026-09,0.0022464494121551,0.600995770651534,0.382748840819266,917000000.0,0.0029090876079015
TW-06445,2026-09,0.0109384182151426,0.595588628941592,0.36963718146295,2120000000.0,0.011953202652837
TW-03345,2026-09,0.0023662267759801,0.491996359548156,0.38042712426999,0.0002821832836456,0.0026902704722514
TW-02304,2026-09,0.0003069294948015,0.562289201777397,0.38941986163643,0.0,0.0003323782168362
TW-02341,2026-09,0.0070531399760694,0.526901868408373,0.36963718146295,0.0,0.0071949090860667
TW-05067,2026-09,0.0029782142442734,0.497242893088495,0.402182592494011,4380000000.0,0.0030004503454039
TW-06183,2026-09,0.006450510114325,0.471331441726002,0.378897207006305,486000000.0,0.0066290863183191
TW-01556,2026-09,0.0046544734973867,0.566893302639328,0.373898135245581,1600000000.0,0.0048967280055136
TW-05948,2026-09,0.0073638125134905,0.542748541142459,0.37040885025823,2440000000.0,0.0072756764146437
TW-04460,2026-09,0.0112484669121271,0.620804111569142,0.36963718146295,9980000000.0,0.0112756302839255
TW-03226,2026-09,0.0025271776086199,0.545157663686493,0.374877819107414,6770000000.0,0.0037275084431837
TW-00544,2026-09,0.0019370245556072,0.521548262754965,0.37431863882098,0.0,0.0021274558066834
TW-02550,2026-09,0.0033949396559145,0.562128593607795,0.36963718146295,0.0,0.0035406523612154
TW-01781,2026-09,0.0074910759625546,0.521762406981102,0.371701675080466,0.0,0.0077905114520634
TW-06104,2026-09,0.0084786153736741,0.583971304673698,0.382833836222804,866000000.0,0.0085695262779473
TW-03054,2026-09,0.0065153895197302,0.550029444831094,0.379397114182378,272000000.0,0.0065762150683027
TW-01652,2026-09,0.0065016650301252,0.511322875956957,0.373918265735892,5670000000.0,0.0068440082643492
TW-03454,2026-09,0.0239916555103202,0.690508057176508,0.370116958148711,790000000.0,0.0252151085239925
TW-01035,2026-09,0.00696892151713,0.0,0.374604939127634,2480000000.0,0.0069572180320547
TW-04872,2026-09,0.0067967415566316,0.558434605706944,0.374088256542969,3920000000.0,0.0068328940462874
TW-02854,2026-09,0.0164001412374748,0.580705605225119,0.372059550463784,0.0,0.0168007261063019
TW-04977,2026-09,0.0111598815701315,0.518014883023716,0.375150699087194,4550000000.0,0.0110276887266445
TW-06271,2026-09,0.0056594804407307,0.558969966272284,0.371957779651653,3720000000.0,0.005600505143063
TW-00386,2026-09,0.0055777573435377,0.481503292467477,0.372774182869847,2310000000.0,0.0063042408262956
TW-06134,2026-09,0.0084467995114081,0.535414101397291,0.370571012541295,2900000000.0,0.0085385083474103
TW-04451,2026-09,0.007783033286878,0.580009636490176,0.371384060677771,4410000000.0,0.0077487065891646
TW-03501,2026-09,0.021043385607003,0.613737352106644,0.36963718146295,0.0002589226880623,0.0211731870255922
TW-04327,2026-09,0.0201431838570058,0.715830611917126,0.36963718146295,1090000000.0,0.020083460421
TW-04549,2026-09,0.0046775555935405,0.545425343969163,0.37870820406949,3740000000.0,0.0046864831533901
TW-02997,2026-09,0.0025608649921957,0.564216499812624,0.370998226280131,0.0001139259827474,0.003940936361658
TW-05782,2026-09,0.0087874163897854,0.583757160447561,0.370464768286873,815000000.0,0.0087676463725648
TW-02930,2026-09,0.0089202944027788,0.386744472402163,0.465365491418819,0.0,0.0087844763323003
TW-04324,2026-09,0.0089340188923837,0.582900583543016,0.370337275181566,2410000000.0,0.008946176812961
TW-01812,2026-09,0.0071304961902064,0.501739921837357,0.371907453425874,0.0,0.0076853084508891
TW-04481,2026-09,0.0091554822473726,0.798222602923069,0.371154796760333,2770000000.0,0.0095188453767933
TW-06402,2026-09,0.00784666501141,0.539429305637347,0.375718826258212,0.0,0.0098888946986875
TW-04832,2026-09,0.002883390497912,0.564216499812624,0.394422288478873,3450000000.0,0.0039712154145443
TW-00900,2026-09,0.007399371418376,0.59425022752824,0.369877628986117,2920000000.0,0.0074843096334891
TW-03592,2026-09,0.0089028268705543,0.556828524010921,0.377322555319706,187000000.0,0.0092588531419437
TW-04736,2026-09,0.004638877486472,0.428716740724878,0.38123010716131,0.0007764284934485,0.0055233488698292
TW-03341,2026-09,0.0215480725202031,0.499866159858665,0.36963718146295,0.0002181741994492,0.0272633779314798
TW-00424,2026-09,0.0204713239266513,0.598693720220569,0.369851906692941,289000000.0,0.0208811431727306
TW-04655,2026-09,0.0060674720862596,0.512232988918036,0.381037749142777,8170000000.0,0.0066370507695016
TW-03316,2026-09,0.036849006908409,0.564109427699556,0.36963718146295,0.0002539989123549,0.0371487822066367
TW-03975,2026-09,0.0023144480197433,0.528989774613202,0.378831223732506,148000000.0,0.0039985541309548
TW-00604,2026-09,0.0082153547094338,0.60645644841801,0.371015001688724,1210000000.0,0.0081240561736597
TW-01822,2026-09,0.0061647911943674,0.536538358584507,0.376405499649953,7270000000.0,0.0061162418305926
TW-00231,2026-09,0.0011029498918884,0.498527758445313,0.384759653129285,0.0,0.0020216312840062
TW-06305,2026-09,0.0095665930950845,0.558006317254671,0.372076325872377,8370000000.0,0.0103454073744505
TW-03556,2026-09,0.0051585365701502,0.568178167996145,0.37278312975443,0.0001351491539,0.00549985159718
TW-06502,2026-09,0.0120114237660748,0.577332833663472,0.369875392264971,0.0001361678661154,0.0121319275866054
TW-01703,2026-09,0.0092839933773099,0.572032764066599,0.373823205087199,2700000000.0,0.009793049279539
TW-04860,2026-09,0.0101673514355192,0.600835162481932,0.371237555442725,5690000000.0,0.0103109690821714
TW-04811,2026-09,0.0096676552458118,0.547673858343594,0.372034946531181,4090000000.0,0.0097567820931801
TW-02219,2026-09,0.0053762568825196,0.531184752931099,0.388790224633905,0.0,0.00631443715319
TW-03229,2026-09,0.0112391093055783,0.570854970822849,0.371569708532868,0.0001541651152528,0.0116005577174817
TW-01177,2026-09,0.0005028153918903,0.546977889608651,0.385049308517658,0.0,0.0010259563508052
TW-03124,2026-09,0.0086794919942556,0.559184110498421,0.371351628221158,0.0001290368806081,0.0091362404632521
TW-05434,2026-09,0.0088635249230492,0.553188072166604,0.378990030933853,0.0001005129385789,0.0093626466401906
TW-00573,2026-09,0.0106358556033972,0.572193372236201,0.372571759606158,0.0001040784313326,0.0113023653421246
TW-02873,2026-09,0.0398478078870899,0.562503346003533,0.369995056846268,0.0,0.0402268061511982
TW-02123,2026-09,0.0090126227873939,0.763745382515124,0.36963718146295,0.000132093017254,0.0120204293131564
TW-05226,2026-09,0.007455517057669,0.556989132180524,0.373374742497478,0.0001056064996555,0.0079777449592396
TW-02665,2026-09,0.0049763751626663,0.58584506665239,0.372658991730842,1730000000.0,0.0073262147799272
TW-04319,2026-09,0.0148991811470429,0.54906579581348,0.36963718146295,0.0001370167929615,0.0163363833689608
TW-00210,2026-09,0.0050212916741007,0.578296482681086,0.370819288588472,4330000000.0,0.0052504015994184
TW-01305,2026-09,0.0048341395431242,0.580652069168585,0.37826757000378,2700000000.0,0.0049957607961722
TW-00221,2026-09,0.0026251205571643,0.539161625354676,0.389292368531123,0.0,0.0035032857182736
TW-00808,2026-09,0.0078753616714931,0.562931634455806,0.36963718146295,4940000000.0,0.0086178570323953
TW-01929,2026-09,0.0019569874495781,0.404946731623749,0.374825256160489,0.0002241166873719,0.0022871858595912
TW-06176,2026-09,0.0062065885036189,0.544943519460357,0.373474276588463,1610000000.0,0.0061750835691676
TW-02200,2026-09,0.19301061651655,0.484876064029124,0.36963718146295,119000000.0,0.198357143522693
TW-04288,2026-09,0.0096451969900946,0.557631564858933,0.36963718146295,2580000000.0,0.0099269310996348
TW-00078,2026-09,0.0067318621512264,0.582579367203812,0.371386297398917,713000000.0,0.0070567456415052
TW-05322,2026-09,0.0077699326377096,0.569998393918304,0.372055077021493,3750000000.0,0.0078619364226563
TW-03127,2026-09,0.0210658438627202,0.579045987472563,0.370019660778871,0.0001879524037278,0.0215189766685548
TW-02943,2026-09,0.0003917717941775,0.604796830665453,0.385421722588423,0.0,0.0004960366028515
TW-00178,2026-09,0.0053818714464489,0.533272659135928,0.373459737901016,1210000000.0,0.0054133917997472
TW-01964,2026-09,0.0122902804412299,0.497349965201563,0.370132615196731,2290000000.0,0.012419603599506
TW-06532,2026-09,0.0055228593851179,0.536859574923711,0.379635324984399,2990000000.0,0.0077744532451736
TW-02784,2026-09,0.0470176060248014,0.510519835108946,0.36963718146295,0.0,0.0481000786386488
TW-06354,2026-09,0.0126371357239731,0.619679854381926,0.374846505011374,475000000.0,0.0127370409418056
TW-00557,2026-09,0.0050793088347035,0.501954066063494,0.383626753868968,391000000.0,0.0052934754361089
TW-02895,2026-09,0.0110719200685725,0.620536431286471,0.36963718146295,3450000000.0,0.0119487148549146
TW-02333,2026-09,0.0006338218835739,0.599068472616307,0.371951069488216,0.0,0.0014237368199818
TW-05996,2026-09,0.0099683463362475,0.621981904812892,0.36963718146295,790000000.0,0.0099655399370293
TW-02014,2026-09,0.0031447796408425,0.532255474061781,0.375009785655013,2090000000.0,0.0032917149644255
TW-04389,2026-09,0.0065097749558009,0.515712832592751,0.374812954194188,7760000000.0,0.0068399281275798
TW-02470,2026-09,0.0007629568539477,0.43005514213823,0.29589360364854,0.0,0.0013995240360902
TW-02518,2026-09,0.0029351692541488,0.733925799025644,0.37150819870136,0.0,0.0051532472870443
TW-05937,2026-09,0.0041117323175547,0.565073076717169,0.373089560551397,3940000000.0,0.00422313037184
TW-01714,2026-09,0.0057050207926017,0.515016863857808,0.374498694873211,5380000000.0,0.0061377290805017
TW-04417,2026-09,0.0093707071979957,0.622677873547835,0.36963718146295,0.0001378657198076,0.0103644746443815
TW-02299,2026-09,0.0005352550945929,0.540446490711494,0.379408297788106,0.0,0.0017974734546936
TW-00067,2026-09,0.0075553315275232,0.551474918357514,0.374562441425865,1170000000.0,0.0081038321760478
TW-01202,2026-09,0.0052751947317922,0.563092242625408,0.377484717602772,0.0,0.0055062735721658
TW-06750,2026-09,0.0079757999817838,0.577332833663472,0.369888812591845,5550000000.0,0.0079398851571761
TW-05085,2026-09,0.0097799465243977,0.633010332458911,0.371089931847107,9300000000.0,0.0098939110141924
TW-01903,2026-09,0.0075141580587083,0.551635526527116,0.379823209560641,2280000000.0,0.008091465518502
TW-04641,2026-09,0.0053176158814803,0.416242839552439,0.379450795489875,0.0001468643443763,0.0059064886962983
TW-04315,2026-09,0.010254065256205,0.547727394400128,0.371151441678614,73200000.0,0.0109764237190979
TW-03206,2026-09,0.0215499440415128,0.663954173135607,0.369854143414086,1380000000.0,0.0227494924468666
TW-05962,2026-09,0.0245113145939984,0.531827185609508,0.370168402735063,8490000000.0,0.02488606184535
TW-02283,2026-09,0.0018365862453165,0.611649445901815,0.37278312975443,0.0,0.002298535576108
TW-03019,2026-09,0.0069601877510178,0.535039349001553,0.3699648611108,0.0,0.0074802498307984
TW-03465,2026-09,0.0077593273502876,0.534771668718882,0.369662903756126,2460000000.0,0.0079412073839169
TW-04999,2026-09,0.0084580286392667,0.553616360618877,0.371352746581731,5400000000.0,0.0088966341935959
TW-05590,2026-09,0.0141780216023466,0.613630279993576,0.372587416654178,84900000.0,0.0144051427486756
TW-03568,2026-09,0.0142740930295813,0.688634295197816,0.370219847321415,9800000000.0,0.0155526366613382
TW-06758,2026-09,0.0082496659334462,0.565769045452112,0.374317520460407,4600000000.0,0.0087018350552152
TW-05911,2026-09,0.0119521589245989,0.547995074682799,0.36963718146295,84900000.0,0.0120791822219437
TW-04889,2026-09,0.0126577224583805,0.589753198779378,0.370291422398078,6400000000.0,0.0131215512939118
TW-00615,2026-09,0.002372465180346,0.545371807912629,0.377803450366039,3410000000.0,0.0033387901035545
TW-01338,2026-09,0.0039988171985322,0.593179506397559,0.377985743139417,3500000000.0,0.0039598468925924
TW-02163,2026-09,0.0012514239157965,0.477220407944751,0.371504843619641,0.0,0.0017034812381768
TW-06627,2026-09,0.0203222260623067,0.620322287060335,0.36963718146295,0.0003409290213961,0.0204528083388478
TW-06756,2026-09,0.0087630866127585,0.409176080089941,0.376528519312969,6500000000.0,0.0102299914871168
TW-03372,2026-09,0.0125379450945555,0.673483591198672,0.36963718146295,0.0001507694078684,0.0131559283780559
TW-01953,2026-09,0.005527226268174,0.494244873922587,0.376734297658377,5500000000.0,0.006331350882591
TW-06412,2026-09,0.0043032513315874,0.508003640451844,0.382710816559789,5550000000.0,0.0055384267420232
TW-00769,2026-09,0.005668214206843,0.565447829112907,0.379787422022309,4570000000.0,0.0065821328467365
TW-00630,2026-09,0.0072197053726386,0.59280475400182,0.374052469004637,17000000.0,0.0073823760077513
TW-00329,2026-09,0.0078553987775222,0.607473633492157,0.36963718146295,306000000.0,0.0115372205814422
TW-01127,2026-09,0.0029276831689097,0.519942181058943,0.378975492246406,52600000.0,0.0031509140794245
TW-03641,2026-09,0.0015577295701614,0.479683066545318,0.3806452045817,0.0002584133319546,0.0015917174050297
TW-03953,2026-09,0.0246198628299648,0.594999732319717,0.370359642393023,9690000000.0,0.0245956825605082
TW-00365,2026-09,0.0094449442099497,0.528347341934793,0.369717703424196,0.0,0.010508556697212
TW-01770,2026-09,0.0080175972910352,0.516890625836501,0.374083783100677,0.0,0.0080378650244089
TW-04732,2026-09,0.0043450486408388,0.578457090850688,0.377898511014733,1730000000.0,0.0043010007212631
TW-03944,2026-09,0.0535735451729099,0.570266074200974,0.36963718146295,0.0003200454209819,0.0545798052280247
TW-02019,2026-09,0.010948399662128,0.536110070132234,0.372739513692088,458000000.0,0.0110965949793658
TW-03473,2026-09,0.0208899208596022,0.556239627389047,0.36963718146295,0.0002896538398913,0.0221828062201401
TW-03900,2026-09,0.0318676410222499,0.539964666202688,0.36963718146295,0.0,0.0325422795546808
TW-04408,2026-09,0.0098498166532956,0.568927672787622,0.370404376815938,8950000000.0,0.010133280893165
TW-00868,2026-09,0.0063600532510196,0.59280475400182,0.371121245943147,0.0001156238364396,0.0065829301747244
TW-05515,2026-09,0.0091355193534018,0.588307725252958,0.372716028120058,3680000000.0,0.0094882141618732
TW-05730,2026-09,0.0088154892094319,0.521227046415761,0.373344546762011,2410000000.0,0.0089175371897075
TW-04671,2026-09,0.0116340003019388,0.595374484715456,0.38123010716131,0.0,0.0123674748210124
TW-02715,2026-09,0.0042414911283651,0.581936934525403,0.379943992502511,0.0,0.0050784587640947
TW-06069,2026-09,0.0131355842328073,0.543872798329675,0.373969710322244,1170000000.0,0.0136072072216983
TW-06715,2026-09,0.0105279312078674,0.565447829112907,0.36963718146295,3820000000.0,0.0106538500846138
TW-00760,2026-09,0.0024647935649611,0.63509823866374,0.378984439130989,424000000.0,0.0034942406159433
TW-04946,2026-09,0.0132260410961126,0.571229723218588,0.37045582140229,4530000000.0,0.0145743231566732
TW-02109,2026-09,0.000289461962577,0.489480164891054,0.399081378625445,0.0,0.0003633618995187
TW-06499,2026-09,0.0035115978175566,0.385673751271481,0.376843896994518,1970000000.0,0.0037910115774321
TW-02770,2026-09,0.0019332815129877,0.744365330049789,0.369793751943152,0.0,0.0022637419210029
TW-06528,2026-09,0.0055122540976959,0.525509930938487,0.369865327019815,0.0,0.0056141112310244
TW-06517,2026-09,0.0252586754370314,0.711387119224798,0.371186110856373,0.0002112129993111,0.0281834999326137
TW-04928,2026-09,0.0066894410015383,0.539482841693881,0.372682477302872,5420000000.0,0.0069587427635077
TW-02870,2026-09,0.0013849257692264,0.620750575512608,0.370582196147024,0.0,0.0023307645292484
TW-06513,2026-09,0.0256616763590676,0.686385780823384,0.36963718146295,0.0001636730959292,0.0259232559910081
TW-05686,2026-09,0.0071760365420774,0.542159644520585,0.375081360731676,0.0,0.0074039583268094
TW-00790,2026-09,0.0079851575883326,0.566304406017453,0.373224882180714,2280000000.0,0.0080452699733404
TW-02635,2026-09,0.0150345545217826,0.666898656244981,0.369959269307936,7610000000.0,0.0161975750552061
TW-03242,2026-09,0.0154063634219894,0.541677820011778,0.375392264970934,0.0001132468412705,0.0161742004546406
TW-01533,2026-09,0.0051809948258674,0.552224423148991,0.390209424200875,0.0,0.0052634473802512
TW-03406,2026-09,0.0073238867255488,0.56153969698592,0.371679307869009,946000000.0,0.0074855325295971
TW-03637,2026-09,0.0275955817124919,0.625140532148402,0.36963718146295,0.0001071345679785,0.0286551980346817
TW-03682,2026-09,0.0385570820237883,0.597890679372557,0.369774739813413,594000000.0,0.0393518191285824
TW-06792,2026-09,0.0078291974791855,0.534557524492746,0.376615751437653,0.0,0.0085633387968795
TW-02891,2026-09,0.0054935388845982,0.555168906258365,0.380193386910261,3430000000.0,0.005456344742572
TW-02043,2026-09,0.0003612036127847,0.462069703945607,0.38051659311582,0.0,0.000404985852135
TW-03100,2026-09,0.015262880121574,0.494673162374859,0.370028607663454,0.0003614730510719,0.0153513776688089
TW-04545,2026-09,0.0073376112151538,0.525991755447294,0.373853400822666,1880000000.0,0.007715914227933
TW-04345,2026-09,0.0147769084214716,0.667273408640719,0.36963718146295,9610000000.0,0.0149485242681625
TW-04615,2026-09,0.0239298953070979,0.580330852829381,0.36963718146295,8230000000.0,0.0250314183376526
TW-03625,2026-09,0.0051747564215015,0.555383050484501,0.374299626691241,1990000000.0,0.0055054454092541
TW-02856,2026-09,0.0041890885316917,0.538893945072006,0.376375303914486,0.0,0.0047098471595201
TW-02703,2026-09,0.008748738282717,0.572675196745008,0.373760576895118,0.0,0.0095421780488506
TW-01059,2026-09,0.0023980426382461,0.541142459446437,0.383691618782195,0.0001001733678405,0.0027770354867631
TW-05775,2026-09,0.0086876019199313,0.527758445312918,0.37355479854971,6040000000.0,0.008872949240957
TW-06240,2026-09,0.0089071937536104,0.559184110498421,0.372698134350892,1210000000.0,0.0089406977240242
TW-03256,2026-09,0.0126358880430999,0.548851651587344,0.370567657459577,4920000000.0,0.0128401245567139
TW-06256,2026-09,0.0040069271242078,0.528775630387066,0.372873716960833,0.000154334900622,0.0063457251108079
TW-03662,2026-09,0.0086975833669167,0.659510680443279,0.370019660778871,0.0001152842657011,0.0093298035716692
TW-03804,2026-09,0.0152004960779152,0.588040044970288,0.36963718146295,0.000278617790892,0.0154853759341058
TW-01252,2026-09,0.0077443551798095,0.529739279404679,0.372539327149545,0.0,0.0078127518490427
TW-01001,2026-09,0.0070518922951963,0.563574067134215,0.374304100133532,2990000000.0,0.0070016491794149
TW-05332,2026-09,0.0040593297208813,0.537287863375984,0.379576051874037,1090000000.0,0.0043473106027216
TW-05359,2026-09,0.0058354034438487,0.587504684404947,0.372487882563193,2560000000.0,0.0062673617894439
TW-05886,2026-09,0.0082178500711801,0.57021253814444,0.3740457588412,968000000.0,0.0084511266219433
TW-01317,2026-09,0.0048403779474901,0.539589913806949,0.374110623754426,0.0,0.0047753726579653
TW-04104,2026-09,0.0100606747208626,0.575940896193586,0.372749578937244,1830000000.0,0.0102011438373162
TW-03225,2026-09,0.0798297414680463,0.552385031318593,0.36963718146295,0.0003409290213961,0.089767248977501
TW-03996,2026-09,0.0104274928975766,0.613790888163178,0.370931124645759,0.0002302289606639,0.0108123365329732
TW-05542,2026-09,0.0108055402021493,0.561004336420579,0.36963718146295,7160000000.0,0.0110625938229828
TW-02008,2026-09,0.0096645360436289,0.533647411531667,0.371368403629751,6720000000.0,0.0099151381264084
TW-03326,2026-09,0.023144480197433,0.616681835216018,0.370063276841213,747000000.0,0.0239094844117859
TW-03144,2026-09,0.0147070382925737,0.581455110016596,0.371664769181561,7620000000.0,0.0159040808128822
TW-00090,2026-09,0.0067393482364654,0.531452433213769,0.373503353963358,0.0,0.0075379007061466
TW-01446,2026-09,0.0021135713991618,0.53198779377911,0.376330569491571,1410000000.0,0.0024336313201102
TW-00966,2026-09,0.0060287939791911,0.57979549226404,0.387649496849578,905000000.0,0.0075816087240042
TW-03078,2026-09,0.0032732907707798,0.46421114620697,0.397369168588383,0.0013789967688146,0.0042305917620344
TW-03014,2026-09,0.0044585876002979,0.5696771775791,0.372294406184087,740000000.0,0.0046856383001867
TW-02174,2026-09,0.0018066419043602,0.51084105144815,0.379525725648258,1020000000.0,0.0017566913416692
TW-03382,2026-09,0.0237283948460799,0.568874136731088,0.370405495176511,0.0003171590697052,0.024856407620828
TW-05013,2026-09,0.0053425694989438,0.554687081749558,0.373293102175659,0.0001005129385789,0.0057473249465455
TW-03976,2026-09,0.0274290163159228,0.592590609775684,0.36963718146295,0.0002363412339559,0.0281895019299472
TW-05600,2026-09,0.0093002132286612,0.556721451897853,0.376348463260737,0.0,0.0097278561144371
TW-03947,2026-09,0.0159990118367484,0.509074361582526,0.36963718146295,0.0004624953457585,0.0178003859448998
TW-00476,2026-09,0.0033425370592411,0.499919695915199,0.383820230248075,0.0,0.0033745787308973
TW-02130,2026-09,0.0035621288929202,0.520102789228545,0.384724983951526,0.0,0.0068658017608318
TW-03922,2026-09,0.0078691232671272,0.364312864714385,0.372748460576671,0.0004665701946198,0.0083656182085697
TW-06018,2026-09,0.0055977202375085,0.719899352213716,0.386281741868959,5180000000.0,0.0055866593201202
TW-02012,2026-09,0.0486558110112828,0.571925691953531,0.36963718146295,1610000000.0,0.0499565551818021
TW-01767,2026-09,0.011501746129382,0.574120670271428,0.374360018162176,0.0001010222946866,0.0125491627588565
TW-01330,2026-09,0.0057443227401068,0.565126612773703,0.383696092224486,0.0,0.006214546974451
TW-02527,2026-09,0.0008584044407457,0.53461106054928,0.37278312975443,0.0,0.0016348839399118
TW-03188,2026-09,0.0096844989375997,0.566786230526259,0.376919945513473,3850000000.0,0.0106763668665831
TW-02411,2026-09,0.001199021319123,0.524225065581669,0.372570641245585,0.0,0.0054565683612831
TW-05667,2026-09,0.0068884461008101,0.562289201777397,0.372125533737583,3040000000.0,0.0068370064218369
TW-02256,2026-09,0.0018415769688092,0.5432839017078,0.376071109838665,0.0,0.0025836838989354
TW-00427,2026-09,0.0017136896793085,0.360886557096204,1.0,0.0,0.0019484788214343
TW-06805,2026-09,0.0184444663481753,0.556239627389047,0.36963718146295,4720000000.0,0.0184736484562355
TW-03353,2026-09,0.0119633880524575,0.605171583061192,0.376399907847089,2650000000.0,0.0125163730805503
TW-06276,2026-09,0.0061491951834527,0.567482199261202,0.371592075744325,2610000000.0,0.0061647448538077
TW-04801,2026-09,0.0100450787099479,0.605706943626532,0.370621338767075,1950000000.0,0.0099717720856851
TW-06125,2026-09,0.0113944455742888,0.524225065581669,0.379855642017254,9850000000.0,0.0118634095764287
TW-01457,2026-09,0.0069364818144274,0.57021253814444,0.375232339409014,0.0,0.0073671933579621
TW-00822,2026-09,0.0048815514163049,0.557631564858933,0.369992820125122,312000000.0,0.0048811141659396
TW-04996,2026-09,0.0708333385320036,0.530060495743883,0.36963718146295,1580000000.0,0.0737960356936986
TW-06225,2026-09,0.0081361269739871,0.525242250655817,0.372357034376167,0.0002319268143561,0.0095178919836598
TW-05793,2026-09,0.0066807072354261,0.616788907329086,0.374450605368578,0.0,0.0066516891223634
TW-05123,2026-09,0.0076676228061091,0.596445205846137,0.372278749136066,8230000000.0,0.0076600715881392
TW-05313,2026-09,0.0036912638632941,0.470207184538787,0.38334269028346,357000000.0,0.0041136294240307
TW-04198,2026-09,0.0255861916662404,0.665453182718561,0.36963718146295,0.0003499276459649,0.0259321082284394
TW-05447,2026-09,0.0053662754355342,0.567160982921998,0.376411091452818,0.0001312440904079,0.005587770188495
TW-05831,2026-09,0.007370674758293,0.565233684886771,0.377327028761997,7690000000.0,0.0094847189777099
TW-06455,2026-09,0.0040437337099666,0.522672519942181,0.377157037954921,4530000000.0,0.0052936262851484
TW-03291,2026-09,0.0020649118451079,0.566465014187055,0.380222464285155,52600000.0,0.0051045438243456
TW-02114,2026-09,0.0028097773263945,0.521387654585363,0.373451909377006,0.0,0.0030524072731676
TW-00961,2026-09,0.0057711478788801,0.571818619840463,0.378718269314646,5890000000.0,0.0062819253573205
TW-03183,2026-09,0.0020917369838812,0.49231757588736,0.384159093501654,3740000000.0,0.0022792428218968
TW-05345,2026-09,0.0047124906579894,0.542695005085925,0.372551629115846,0.0001015316507942,0.0058387927049783
TW-02392,2026-09,0.0032614378024846,0.411638738690508,0.37787390708213,0.0,0.0045565637457935
TW-04608,2026-09,0.0086065026631748,0.591466352588468,0.372846876307084,2090000000.0,0.0086627868232758
TW-05779,2026-09,0.0114587011392574,0.620375823116869,0.36963718146295,3360000000.0,0.0125260411831121
TW-00765,2026-09,0.0037748584817969,0.540178810428824,0.379116405678588,740000000.0,0.0042151974169536
TW-06311,2026-09,0.0068441534298123,0.531613041383372,0.376169525569078,747000000.0,0.0093767837976332
TW-02648,2026-09,0.0100525647951869,0.611381765619144,0.36963718146295,0.0,0.0112161912637665
TW-05110,2026-09,0.0080781098133843,0.654692435355212,0.370700742367748,985000000.0,0.0080669292112453
TW-06389,2026-09,0.0039364331548733,0.526580652069169,0.384723865590953,3010000000.0,0.0046170961578762
TW-03496,2026-09,0.004106741594062,0.597944215429091,0.377604382184069,221000000.0,0.0051943994565909
TW-04141,2026-09,0.0062664771855313,0.61106054927994,0.375861976411539,214000000.0,0.0063778030402066
TW-01167,2026-09,0.0118130425072397,0.569891321805236,0.36963718146295,0.0,0.0129542290051626
TW-06378,2026-09,0.0048129289682802,0.49376304941378,0.384558348226168,0.0,0.005988959613861
TW-03286,2026-09,0.0142491394121177,0.576636864928529,0.36963718146295,0.0004519686528668,0.0185480176941019
TW-03095,2026-09,0.139168819955907,0.448685689812088,0.36963718146295,0.002243543868889,0.147650587955416
TW-06812,2026-09,0.0050306492806495,0.537876759997859,0.369639418184096,0.0001305649489311,0.0062784098453178
TW-03293,2026-09,0.0016182420925105,0.565929653621714,0.388543066947301,52600000.0,0.0018803872920403
TW-02716,2026-09,0.0119783602229356,0.60238770812142,0.370420033863958,7100000000.0,0.0133825313194941
TW-05499,2026-09,0.0035365514350201,0.531184752931099,0.387759096185719,2280000000.0,0.0036226756981911
TW-01089,2026-09,0.0086445569298067,0.601852347556079,0.371195057740956,2040000000.0,0.0090115462774574
TW-00022,2026-09,0.0050506121746204,0.569034744900691,0.377012769441021,0.0,0.0054178885885893
TW-05041,2026-09,0.0028472077525898,0.439263343862091,0.383618925344958,3680000000.0,0.0037737808323198
TW-04599,2026-09,0.0063457049209781,0.609829219979656,0.373324416271699,4870000000.0,0.0063838146087204
TW-05770,2026-09,0.0080606422811598,0.544568767064618,0.376820411422488,3170000000.0,0.0081718809720559
TW-02021,2026-09,0.0048441209901096,0.555971947106376,0.376806991095613,1940000000.0,0.0054029887628111
TW-01204,2026-09,0.0068372911850098,0.576851009154666,0.372467752072881,0.0,0.007605977479451
TW-00268,2026-09,0.001893355725046,0.535414101397291,0.372935226792341,0.0,0.0020633812717219
TW-06000,2026-09,0.0128816811751158,0.606831200813748,0.369794870303724,8680000000.0,0.0131231576861263
TW-02961,2026-09,0.0181618666304007,0.584078376786766,0.36963718146295,1850000000.0,0.018387247577092
TW-02101,2026-09,0.0009725672406414,0.490015525456395,0.375013140736731,0.0,0.0018196594444418
TW-00813,2026-09,0.0114905170015234,0.576262112532791,0.370180704701364,2190000000.0,0.0116593518310114
TW-04976,2026-09,0.0094149998689935,0.606884736870282,0.377089936320549,0.0001551838274681,0.0094764073559827
TW-03777,2026-09,0.0217358484916162,0.52909684672627,0.36963718146295,0.0001249620317468,0.0217218887237215
TW-05548,2026-09,0.0096364632239824,0.604207934043578,0.372080799314669,5650000000.0,0.0097518831151049
TW-03038,2026-09,0.0076426691886456,0.511162267787355,0.378830105371933,0.0001792933498975,0.0083110751840711
TW-04529,2026-09,0.0181225646828957,0.583489480164891,0.370556473853848,2770000000.0,0.018602018630407
TW-03498,2026-09,0.0147001760477712,0.626853685957492,0.375507456109939,205000000.0,0.0153228688600056
TW-02941,2026-09,0.007670742008292,0.550457733283366,0.386772702160449,238000000.0,0.0081057616299147
TW-02359,2026-09,0.0006182258726591,0.56469832432143,0.390474475656645,0.0,0.00127921748775
TW-06433,2026-09,0.0066619920223285,0.543176829594732,0.371226371836997,0.00034008009455,0.0073000341014634
TW-00903,2026-09,0.0034903872427126,0.530006959687349,0.379404942706388,0.0001033992898557,0.003795817932188
TW-02183,2026-09,0.0002526553768183,0.54039295465496,0.392399174202553,0.0,0.0001785110609397
TW-04515,2026-09,0.0108267507769933,0.584292521012902,0.373000091705567,2260000000.0,0.0112092795675471
TW-03588,2026-09,0.0144905656610775,0.536913110980245,0.36963718146295,0.0003281951187045,0.0164647534370631
TW-03896,2026-09,0.0230340604401569,0.504898549172868,0.371221898394705,1190000000.0,0.0335745707165937
TW-05248,2026-09,0.0076220824542381,0.593447186680229,0.373888070000425,0.000139733358869,0.0079862651191414
TW-02323,2026-09,0.001058033380454,0.610203972375395,0.377579778251466,0.0,0.0012605539731317
TW-06557,2026-09,0.0215468248393299,0.636704320359762,0.36963718146295,0.0002013654478963,0.0221650051724423
TW-01962,2026-09,0.0067848885883364,0.51228652497457,0.383762075498286,4090000000.0,0.0067597937822126
TW-05452,2026-09,0.0054897958419787,0.572139836179667,0.376301492116676,357000000.0,0.0053945983067532
TW-04757,2026-09,0.0085509808643184,0.641469029391295,0.371313603961681,5380000000.0,0.0085377358832774
TW-01726,2026-09,0.0036850254589282,0.528186733765191,0.378716032593501,0.0001062856411324,0.0060433628953832
TW-01056,2026-09,0.008516669640306,0.566090261791317,0.371665887542134,4580000000.0,0.0084910044019326
TW-04313,2026-09,0.0086595291002848,0.577332833663472,0.36963718146295,222000000.0,0.0087605377246649
TW-05173,2026-09,0.0660678214369042,0.654585363242144,0.36963718146295,6770000000.0,0.0676627471604356
TW-00934,2026-09,0.0037137221190112,0.514320895122865,0.375138397120893,4500000000.0,0.0038793001628756
TW-02591,2026-09,0.0048453686709828,0.538786872958938,0.375922367882474,0.0,0.0049926801863743
TW-02599,2026-09,0.0067792740244071,0.537662615771722,0.3778504215101,1320000000.0,0.0071536529749993
TW-00226,2026-09,0.0087424998783511,0.597837143316023,0.37073652990608,0.0,0.0090456406810958
TW-03150,2026-09,0.0165685781553537,0.56849938433535,0.36963718146295,6110000000.0,0.0179546603875876
TW-05175,2026-09,0.0073450973003928,0.533219123079394,0.36963718146295,0.000250263634232,0.0073144765508573
TW-04337,2026-09,0.0092995893882246,0.509609722147867,0.370232149287716,0.0,0.0094295653568301
TW-03223,2026-09,0.0242586592171801,0.352909684672627,0.36963718146295,0.0017020983264425,0.0265786886475145
TW-01195,2026-09,0.0051834901876137,0.556186091332512,0.375576794465457,306000000.0,0.0053470652172186
TW-05046,2026-09,0.0052751947317922,0.501954066063494,0.374219104729994,584000000.0,0.0057682234939924
TW-03421,2026-09,0.0083251506262734,0.608383746453236,0.373193568084673,4090000000.0,0.0090812717396069
TW-06649,2026-09,0.0044847888986346,0.544943519460357,0.372628795995374,0.0,0.0056387052773311
TW-03779,2026-09,0.0230078591418201,0.537662615771722,0.371604377710626,7100000000.0,0.0267230087694169
TW-01358,2026-09,0.0022289818799306,0.416349911665507,0.380947161936374,272000000.0,0.002668476944572
TW-06245,2026-09,0.0059976019573617,0.455163552652712,0.37142655837954,900000000.0,0.0062649638281721
TW-01924,2026-09,0.0086052549823016,0.561967985438193,0.377680430703024,1900000000.0,0.0106389090790506
TW-01377,2026-09,0.0074530216959227,0.591038064136196,0.375655079705558,0.0,0.007711307694964
TW-06633,2026-09,0.0060718389693157,0.39616681835216,0.36963718146295,0.0,0.0060374566535285
TW-06651,2026-09,0.0060150694895862,0.557578028802398,0.369642773265814,340000000.0,0.0068687242277768
TW-04029,2026-09,0.0218518828128217,0.626318325392152,0.36963718146295,0.0002830322104917,0.0238678735805466
TW-06005,2026-09,0.0075971288367746,0.576262112532791,0.376050979348354,2800000000.0,0.0075896934638343
TW-05125,2026-09,0.0096289771387433,0.562128593607795,0.378462164743459,441000000.0,0.0098255102932464
TW-03317,2026-09,0.0081361269739871,0.494084265752985,0.371278934783922,0.0002144389213263,0.0083235800621891
TW-06187,2026-09,0.0147843945067107,0.572300444349269,0.36963718146295,4410000000.0,0.015376470876503
TW-04574,2026-09,0.0050818041964498,0.539215161411211,0.379110813875723,7880000000.0,0.0049545069187962
TW-00893,2026-09,0.0092627828024659,0.544033406499277,0.373540259862263,221000000.0,0.009756800099977
TW-01646,2026-09,0.00643678562472,0.51228652497457,0.373916029014747,1870000000.0,0.0068601091796674
TW-02874,2026-09,0.0018178710322188,0.54617484876064,0.377923114947336,0.0,0.002124679596608
TW-02696,2026-09,0.0004373121460485,0.499812623802131,0.38565434158758,0.0,0.0017267409221848
TW-02262,2026-09,0.0020973515478105,0.554044649071149,0.383693855503341,0.0,0.0044944347185756
TW-00501,2026-09,0.0059133834984223,0.54708496172172,0.377996926745146,0.0,0.0061921730488993
TW-02899,2026-09,0.0028141442094506,0.532148401948712,0.374799533867313,0.0,0.0035222216933236
TW-01311,2026-09,0.0048852944589244,0.55575780288024,0.384483418067786,0.0,0.0048256836047667
TW-04771,2026-09,0.0142722215082715,0.588093581026822,0.37596374722367,0.0001108698461014,0.0149698067796681
TW-00598,2026-09,0.0135186222608726,0.57572675196745,0.36963718146295,2680000000.0,0.0138289010024235
TW-01429,2026-09,0.0475647140876895,0.407998286846191,0.36963718146295,0.0,0.0517152296795214
TW-03627,2026-09,0.0219017900477487,0.655602548316291,0.36963718146295,0.0001631637398215,0.022301172757614
TW-04702,2026-09,0.0050774373133937,0.522779592055249,0.384665710841164,5540000000.0,0.005136155155584
TW-06152,2026-09,0.0116839075368659,0.609668611810054,0.37229552454466,6980000000.0,0.0117604745456717
TW-02117,2026-09,0.0006681331075862,0.533326195192462,0.375315098091406,0.0,0.0009585080995672
TW-00163,2026-09,0.0091380147151482,0.565073076717169,0.374949394184078,0.0,0.0091504994005498
TW-03890,2026-09,0.0174993480867438,0.532630226457519,0.37022208404256,0.000284050922707,0.0176154124030404
TW-05652,2026-09,0.0150320591600363,0.590556239627389,0.36963718146295,4720000000.0,0.0152087046759113
TW-05523,2026-09,0.0096576737988264,0.541463675785642,0.371335971173138,3600000000.0,0.0101570647334419
TW-01697,2026-09,0.0089040745514275,0.522672519942181,0.36963718146295,4430000000.0,0.0096089280219622
TW-01193,2026-09,0.0046114285072621,0.546281920873708,0.383056389976805,0.0,0.0047137643553676
TW-03306,2026-09,0.0252405840643703,0.568981208844157,0.371640165248958,0.0001563723250527,0.0259146691073759
TW-02407,2026-09,0.0002545268981281,0.551474918357514,0.391810916541224,0.0,0.0015093865299327
TW-04041,2026-09,0.0326106349822268,0.52069168585042,0.36963718146295,0.0005794774651519,0.0341031987981985
TW-06307,2026-09,0.0086277132380188,0.57112265110552,0.373075021863949,204000000.0,0.0086553852935144
TW-05430,2026-09,0.0076482837525749,0.635580063172547,0.372443148140278,441000000.0,0.0078036086701912
TW-00404,2026-09,0.0066164516704575,0.548102146795867,0.373908200490737,0.0,0.0070890829473949
TW-05485,2026-09,0.0110282512380113,0.591145136249264,0.371314722322253,107000000.0,0.0110138364334839
TW-02382,2026-09,0.0001222727255713,0.567803415600407,0.377054148782217,0.0,0.0005908200951757
TW-02069,2026-09,0.0081379984952968,0.753680603886718,0.36963718146295,0.0002922006204296,0.009270078358244
TW-02583,2026-09,0.0024279869792024,0.577600513946143,0.37665377569713,2670000000.0,0.0028836050578194
TW-05786,2026-09,0.0232586429973287,0.605974623909203,0.37040885025823,577000000.0,0.029780410507846
TW-04594,2026-09,0.0067512012047606,0.558166925424273,0.376817056340769,1430000000.0,0.0071904154169053
TW-00853,2026-09,0.0088023885602636,0.621821296643289,0.37135610166345,2210000000.0,0.0093434084055189
TW-00420,2026-09,0.0198668225435971,0.515819904705819,0.36963718146295,340000000.0,0.0202625204334307
TW-04259,2026-09,0.0050524836959301,0.569355961239895,0.373646504116685,0.0001239433195314,0.0055106125238836
TW-04780,2026-09,0.0068516395150514,0.587611756518015,0.374508760118367,4060000000.0,0.006837423011516
TW-01398,2026-09,0.0206859250368378,0.548423363135071,0.374393568979362,492000000.0,0.0239465855262264
TW-03650,2026-09,0.0110394803658699,0.527437228973714,0.373965236879953,6840000000.0,0.0123783233608282
TW-06268,2026-09,0.0054049535426026,0.57572675196745,0.371722923931351,696000000.0,0.0052656095560573
TW-02220,2026-09,0.0038029313014434,0.535574709566893,0.372506894692932,0.0,0.0054169479799072
TW-02878,2026-09,0.0341315579666295,0.673537127255206,0.369831776202629,1320000000.0,0.0349375928415508
TW-00447,2026-09,0.0192554589157404,0.523529096846726,0.36963718146295,391000000.0,0.0245639647608077
TW-02055,2026-09,0.0004747425722438,0.481663900637079,0.389985752086302,0.0,0.0006245770117583
TW-01366,2026-09,0.0181400322151201,0.576958081267734,0.369830657842056,1050000000.0,0.0186127903948813
TW-05224,2026-09,0.0088660202847956,0.492745864339633,0.372495711087203,6010000000.0,0.0088971204894201
TW-04278,2026-09,0.0059495662437444,0.442903795706408,0.374816309275906,458000000.0,0.0067256146542863
TW-02095,2026-09,0.0012439378305574,0.54997590877456,0.404566937235368,0.0,0.0012021040165351
TW-03671,2026-09,0.0224576318767491,0.715937684030194,0.36963718146295,0.0002227584044182,0.0224301651209001
TW-05977,2026-09,0.0092397007063121,0.546817281439049,0.375489562340773,4640000000.0,0.0092939277055759
TW-04079,2026-09,0.0088803686148371,0.560415439798704,0.372766354345837,917000000.0,0.0089527925762712
TW-03683,2026-09,0.0158230888336305,0.551314310187912,0.36963718146295,0.000480492594896,0.0163423801127519
TW-03773,2026-09,0.0174419547665776,0.632849724289309,0.36963718146295,0.0003776026611479,0.0175857388988918
TW-03431,2026-09,0.0161094315940246,0.696825311847529,0.36963718146295,0.0002353225217405,0.0169271509536713
TW-03081,2026-09,0.0034392323269123,0.653193425772258,0.372131125540448,6690000000.0,0.0054087893286025
TW-01761,2026-09,0.0107593760098417,0.53027463997002,0.369889930952418,4040000000.0,0.0117290967599684
TW-05424,2026-09,0.0056370221850136,0.457197922801006,0.370092354216108,0.0001084928509323,0.005738867142821
TW-04674,2026-09,0.0156134784469368,0.585095561860913,0.373810903120897,2170000000.0,0.0161541550587476
TW-00711,2026-09,0.0029651135951051,0.552010278922855,0.379332249269151,0.0,0.0028716377817941
TW-04287,2026-09,0.0322163678263029,0.601638203329943,0.36963718146295,5620000000.0,0.0326446659084787
TW-02303,2026-09,0.0006282073196446,0.522244231489909,0.37391714737532,0.0,0.0010859215113501
TW-06685,2026-09,0.0055004011294007,0.648428716740725,0.369722176866488,642000000.0,0.0062691476444091
TW-04759,2026-09,0.0102334785217976,0.535628245623427,0.370628048930512,4380000000.0,0.0103503111006797
TW-04359,2026-09,0.0123358207931008,0.551742598640184,0.370187414864801,0.0001426197101458,0.0135440895302371
TW-05462,2026-09,0.0101392786158727,0.502542962685369,0.37083382727592,0.0001290368806081,0.0119849728194974
TW-02538,2026-09,0.0148305586990182,0.531880721666042,0.36963718146295,0.0,0.0149136141865744
TW-01279,2026-09,0.0105310504100503,0.540553562824562,0.378550515228716,7230000000.0,0.0109629005522489
TW-02972,2026-09,0.0335482671584193,0.612559558862894,0.36963718146295,4920000000.0,0.0339140494763995
TW-01675,2026-09,0.0059520616054907,0.567214518978532,0.369967097831946,0.0,0.0059289893869547
TW-05324,2026-09,0.0105135828778258,0.570426682370577,0.36963718146295,560000000.0,0.0107050380173296
TW-00993,2026-09,0.0088385713055857,0.567696343487339,0.37210875832899,79800000.0,0.0090310497785771
TW-02290,2026-09,0.0128810573346792,0.745810803576209,0.371413138052666,5210000000.0,0.0136682186607492
TW-01795,2026-09,0.0047910945529996,0.446223031211521,0.371817984580044,8640000000.0,0.004931356461048
TW-04492,2026-09,0.0017305333710964,0.344236843514107,0.377835882822653,9920000000.0,0.0018276349143365
TW-05438,2026-09,0.0064074651242003,0.573745917875689,0.373219290377849,1190000000.0,0.0063230242364817
TW-06489,2026-09,0.0086482999724262,0.597997751485626,0.370305961085526,3380000000.0,0.0099409123978308
TW-01713,2026-09,0.0029813334464564,0.454039295465496,0.375793756416594,0.0,0.0030162416885691
TW-00750,2026-09,0.0101979196169121,0.664864286096686,0.37193317571905,6010000000.0,0.0110242019656189
TW-00671,2026-09,0.0060674720862596,0.600513946142727,0.375489562340773,2780000000.0,0.0064474628205991
TW-03693,2026-09,0.0085890351309503,0.625086996091868,0.373109691041708,0.0002686004541079,0.0086520832425425
TW-05608,2026-09,0.0080319456210768,0.564912468547567,0.37772181004422,0.0,0.0084229807318327
TW-00807,2026-09,0.0042807930758702,0.567375127148134,0.378024885759468,594000000.0,0.0044782834079356
TW-01766,2026-09,0.0056831863773211,0.542213180577119,0.384218366612016,0.0,0.0058959232051105
TW-04678,2026-09,0.0057418273783604,0.638952834734194,0.374600465685343,2770000000.0,0.0060290557278222
TW-04459,2026-09,0.0371590556053935,0.597890679372557,0.371942122603633,9150000000.0,0.0375124418547188
TW-00594,2026-09,0.0024354730644414,0.551849670753252,0.373253959555608,4910000000.0,0.0024599735980332
TW-02751,2026-09,0.0059988496382349,0.575298463515177,0.374250418826035,0.0,0.0061027244663497
TW-06192,2026-09,0.0094212382733593,0.576583328871995,0.370343985345003,9000000000.0,0.009410502591718
TW-06508,2026-09,0.0076800996148409,0.597569463033353,0.373721434275067,0.0002995013913062,0.009235990799185
TW-00181,2026-09,0.0055459414812716,0.566732694469725,0.371319195764545,1870000000.0,0.0055919500552163
TW-04304,2026-09,0.0058547424973829,0.543176829594732,0.380184440025678,8170000000.0,0.0059207921826361
TW-03940,2026-09,0.0240053799999251,0.603779645591306,0.36963718146295,0.0001689364423751,0.0245178031328144
TW-03279,2026-09,0.0182535711745793,0.605332191230794,0.36963718146295,0.0003351563188426,0.0219214440274353
TW-05035,2026-09,0.0136277943372756,0.468761711012367,0.370444637796561,1000000000.0,0.014728846980395
TW-06035,2026-09,0.009623362574814,0.600567482199261,0.370594498113326,968000000.0,0.0100363242624767
TW-01355,2026-09,0.0106782767530852,0.572621660688474,0.371905216704728,7860000000.0,0.0106484460115186
TW-01682,2026-09,0.012393214113267,0.600513946142727,0.370242214532872,0.0001446571345764,0.0127977042244927
TW-06407,2026-09,0.0060674720862596,0.483484126559238,0.377064214027373,0.0,0.0062526251104865
TW-00753,2026-09,0.0088067554433197,0.589806734835912,0.372002514074568,5700000000.0,0.0090037747535674
TW-01939,2026-09,0.0061966070566334,0.622677873547835,0.374090493264114,3890000000.0,0.0079397378146577
TW-00546,2026-09,0.0033662429958315,0.50099041704588,0.371689373114165,713000000.0,0.0036039984008236
TW-02721,2026-09,0.0074286919188957,0.464746506772311,0.372361507818459,0.0,0.0077621270374075
TW-06655,2026-09,0.0061934878544505,0.562021521494727,0.373713605751057,0.0001030597191172,0.0062444018693129
TW-01313,2026-09,0.0060500045540351,0.610846405053804,0.371491423292767,107000000.0,0.0066689484250326
TW-03261,2026-09,0.0076333115820967,0.556186091332512,0.371295710192515,5250000000.0,0.0080878217065118
TW-05409,2026-09,0.0040087986455176,0.586541035387333,0.379762818089706,0.0,0.0039035284079046
TW-06272,2026-09,0.003250208674626,0.536752502810643,0.374188908994527,0.000101361865425,0.0035889343675331
TW-05314,2026-09,0.0055864911096499,0.6153969698592,0.372476698957464,3970000000.0,0.0057936434632801
TW-05904,2026-09,0.0219473303996197,0.66058140157396,0.36963718146295,5500000000.0,0.0254100072550592
TW-03678,2026-09,0.0154257024755236,0.597837143316023,0.372171386521071,8230000000.0,0.0153711275061544
TW-03652,2026-09,0.0211681536943207,0.61919802987312,0.36963718146295,0.0002140993505879,0.0213657260551509
TW-00054,2026-09,0.0015596010914712,0.505594517907811,0.392383517154533,0.0,0.0017585562992577
TW-05957,2026-09,0.0065284901688985,0.590074415118582,0.377806805447758,3360000000.0,0.0069829096069817
TW-06658,2026-09,0.0111623769318779,0.566679158413191,0.370919941040031,0.000145845632161,0.0113204687929493
TW-04366,2026-09,0.0182248745144962,0.685475667862305,0.372548274034128,3230000000.0,0.0185061195465115
TW-00935,2026-09,0.0024024095213022,0.504309652550993,0.400149412972535,9340000000.0,0.0025710326516394
TW-01746,2026-09,0.0060225555748252,0.536484822527973,0.374869990583404,2330000000.0,0.0064180433021333
TW-05892,2026-09,0.0136097029646145,0.58557738636972,0.370162810932198,222000000.0,0.0136494611439127
TW-04382,2026-09,0.0109246937255377,0.527597837143316,0.371661414099843,1820000000.0,0.011152465546541
TW-06587,2026-09,0.0054398886070516,0.482092189089352,0.36963718146295,2670000000.0,0.0062297207893045
TW-04827,2026-09,0.0530619960149073,0.472562771026286,0.36963718146295,0.0001996675942041,0.0549974202525952
TW-01278,2026-09,0.0021628547936523,0.54039295465496,0.381022092094757,0.0,0.0031606574910779
TW-00861,2026-09,0.0070163333903107,0.559077038385353,0.372325720280127,156000000.0,0.007262940499214
TW-06392,2026-09,0.0035496520841885,0.525135178542748,0.372713791398913,0.0,0.0041569363632615
TW-02004,2026-09,0.0004054962837825,0.457090850687938,0.441969388234399,0.0004499312284361,0.001052517081248
TW-01638,2026-09,0.0030150208300321,0.528561486160929,0.388529646620426,1290000000.0,0.003667401580503
TW-04491,2026-09,0.0024061525639218,0.529632207291611,0.372200463895966,5550000000.0,0.0083163261494779
TW-01128,2026-09,0.0047867276699434,0.522190695433374,0.373498880521067,1120000000.0,0.005151135905879
TW-00609,2026-09,0.0021123237182886,0.542427324803255,0.377227494671012,3850000000.0,0.0022739028582396
TW-00146,2026-09,0.0064467670717054,0.600299801916591,0.372850231388803,362000000.0,0.0064953388878275
TW-01869,2026-09,0.0028702898487436,0.43294608919107,0.0,6600000000.0,0.0031854865242121
TW-05127,2026-09,0.0059894920316861,0.54879811553081,0.374290679806658,8200000000.0,0.0059976356205308
TW-06155,2026-09,0.0088697633274151,0.541999036350982,0.371321432485691,3720000000.0,0.0092693533694117
TW-03129,2026-09,0.007106790253616,0.539750521976551,0.371851535397231,7160000000.0,0.0072311625333519
TW-06064,2026-09,0.0048958997463464,0.556989132180524,0.374500931594357,6270000000.0,0.0051679192950213
TW-04803,2026-09,0.0048241580961388,0.533219123079394,0.37373038115965,3850000000.0,0.005273032206057
TW-04822,2026-09,0.0081236501652553,0.5696771775791,0.372680240581726,9170000000.0,0.0085528992971155
TW-05305,2026-09,0.014427557776982,0.587772364687617,0.369927955211896,7030000000.0,0.0148786907714711
TW-05819,2026-09,0.010243459968783,0.551635526527116,0.372700371072038,0.0,0.0103284208816172
TW-06097,2026-09,0.0140588680789582,0.614968681406928,0.370148272244751,6350000000.0,0.0141942629229861
TW-06501,2026-09,0.0020231145358564,0.519995717115477,0.379079499779683,0.0001017014361635,0.0044504748988117
TW-02301,2026-09,0.0022551831782674,0.522351303602977,0.376245574088033,153000000.0,0.0030641274392864
TW-01944,2026-09,0.0057224883248262,0.508646073130253,0.376749954706397,312000000.0,0.0061721546569623
TW-04001,2026-09,0.0080126065675425,0.584720809465175,0.37279095827844,0.0001876128329894,0.0082914123171836
TW-00276,2026-09,0.0025540027473932,0.552277959205525,0.37978406694059,391000000.0,0.0027441252203199
TW-04194,2026-09,0.006253376536363,0.54997590877456,0.376662722581713,8680000000.0,0.0064851750056122
TW-04863,2026-09,0.0294614884583281,0.624551635526527,0.36963718146295,576000000.0,0.030569400731078
TW-05668,2026-09,0.0107375415945611,0.608812034905509,0.36963718146295,3360000000.0,0.0127301822801577
TW-05027,2026-09,0.0088959646257518,0.542480860859789,0.37166029573927,747000000.0,0.0099347085633968
TW-00250,2026-09,0.0052440027099628,0.514053214840195,0.375018732539596,0.0,0.0051533284985718
TW-03907,2026-09,0.0069327387718079,0.512768349483377,0.36963718146295,628000000.0,0.0075351264115551
TW-03506,2026-09,0.0047542879672408,0.60292306868676,0.377115658613725,6150000000.0,0.0047943225155943
TW-05456,2026-09,0.0114200230321889,0.597355318807217,0.373115282844573,2260000000.0,0.0114601837794997
TW-04848,2026-09,0.0065147656792936,0.560040687402966,0.372547155673555,9660000000.0,0.0066427456030754
TW-02093,2026-09,0.0004298260608094,0.51030569088281,0.391390412965825,0.0,0.0005341810570588
TW-05797,2026-09,0.0127182349807296,0.587718828631083,0.372402887159655,5030000000.0,0.0130752506654261
TW-02926,2026-09,0.0074892044412448,0.578992451416029,0.371319195764545,0.0,0.0080075013096283
TW-03547,2026-09,0.0115460388003798,0.568606456448418,0.376090121968404,1850000000.0,0.0119879670765342
TW-06564,2026-09,0.0140095846844677,0.678248300230205,0.371949951127643,0.0001898200427893,0.01425375260052
TW-01372,2026-09,0.0053169920410437,0.542748541142459,0.384477826264922,0.0,0.0057159965017117
TW-01559,2026-09,0.0069639307936373,0.524117993468601,0.371823576382909,0.0,0.0069700612644997
TW-05766,2026-09,0.0080462939511183,0.602494780234488,0.374637371584247,8340000000.0,0.0085834022307661
TW-01461,2026-09,0.0011909113934474,0.594410835697842,0.372998973344994,1530000000.0,0.0015419172497852
TW-00998,2026-09,0.0057412035379238,0.526527116012634,0.376193011141108,3720000000.0,0.0063219200629416
TW-03495,2026-09,0.0616653794758992,0.602120027838749,0.36963718146295,0.0003298929723968,0.0664019803127731
TW-03621,2026-09,0.0209117552748828,0.608972643075111,0.370622457127647,492000000.0,0.0207782557420614
TW-00891,2026-09,0.0198181629895432,0.549601156378821,0.369927955211896,3580000000.0,0.0200936439322462
TW-01114,2026-09,0.0054280356387564,0.54472937523422,0.372738395331516,1430000000.0,0.0055272213481739
TW-06165,2026-09,0.0190196472307099,0.533004978853258,0.374795060425022,2670000000.0,0.0196707008424804
TW-06636,2026-09,0.0083463612011174,0.586112746935061,0.370099064379545,5740000000.0,0.0088628561879719
TW-06380,2026-09,0.01042686905714,0.476792119492478,0.37305600973421,370000000.0,0.0119798642862317
TW-06463,2026-09,0.0360635917987441,0.532683762514053,0.36963718146295,0.0005990027826124,0.0365622604636545
TW-05954,2026-09,0.0072446589901021,0.529043310669736,0.372853586470521,0.0,0.0071840994798658
TW-01275,2026-09,0.004843497149673,0.556293163445581,0.378862537828546,0.0,0.0063791746889287
TW-04681,2026-09,0.0045708788788838,0.539215161411211,0.37611584426158,3890000000.0,0.0051366420628656
TW-04163,2026-09,0.0070244433159864,0.53316558702286,0.36963718146295,34000000.0,0.0069408854242918
TW-00635,2026-09,0.0043088658955167,0.533915091814337,0.378199350008835,6040000000.0,0.004674106993297
TW-06086,2026-09,0.0089826784464376,0.563895283473419,0.370020779139444,0.0,0.0088871544199173
TW-02308,2026-09,0.0047430588393823,0.530917072648429,0.375146225644903,0.0,0.0060995047437509
TW-00652,2026-09,0.004585851049362,0.509342041865196,0.379407179427534,1430000000.0,0.0059369180366817
