company_id,scoring_month,Quick Ratio,ROA(B) before interest and depreciation after tax,Borrowing dependency,Research and development expense rate,Quick Assets/Current Liability
TW-01244,2026-10,0.00356899113772272,0.552277959205525,0.387513794977666,0.0,0.00369988594190064
TW-06303,2026-10,0.003056194298847,0.530649392365758,0.38406924441323,543000000.0,0.00330722360462334
TW-04712,2026-10,0.00410574344936346,0.609561539696986,0.38216355799706103,2780000000.0,0.00417519227787246
TW-03273,2026-10,0.01319983979777586,0.709245676963435,0.38053298828181803,0.000250263634232,0.01343872751394708
TW-06430,2026-10,0.02235981369629202,0.495422667166336,0.37963718146295,0.00096794638993,0.02331859789236918
TW-03255,2026-10,0.00289037751080178,0.49927726323679,0.388954243395522,0.0001331117294694,0.00301874773679352
TW-03758,2026-10,0.00226603800186402,0.510626907222014,0.388294410657529,0.0001757278571439,0.0024890688706158
TW-06037,2026-10,0.00278669523024078,0.511858236522298,0.38860419653621403,2750000000.0,0.00417563172981948
TW-00985,2026-10,0.00942123827335938,0.604047325873976,0.38019076994652,815000000.0,0.009395087799002281
TW-05371,2026-10,0.00350086776204726,0.54446169495155,0.388652286040847,3580000000.0,0.0037886681132381396
TW-00777,2026-10,0.00407093315300184,0.480646715562932,0.37963718146295,0.0,0.0043527147444498
TW-02108,2026-10,0.00033837105280554,0.52765137319985,0.38708769959940303,0.0,0.0004392559237446
TW-06357,2026-10,0.00371684132119422,0.528186733765191,0.398757792177291,0.0,0.004033869054752459
TW-03821,2026-10,0.0008788664070658199,0.585523850313186,0.380691795483165,0.0,0.0019290005847365397
TW-00259,2026-10,0.00307678103325444,0.536163606188768,0.385122740072872,0.0,0.00308877878663994
TW-02196,2026-10,0.01297862597896158,0.563038706568874,0.37963718146295,0.0,0.01342051077878178
TW-02772,2026-10,0.00222224440321548,0.506772311151561,0.383642030674394,2170000000.0,0.00216939419066742
TW-05511,2026-10,0.00146465257702242,0.531291825044167,0.384823019439343,6280000000.0,0.0018208080185251798
TW-03177,2026-10,0.00492247534894512,0.548369827078537,0.37963718146295,0.0001872732622509,0.0052584469950837
TW-01518,2026-10,0.00903832501338138,0.565554901225976,0.379710993260759,0.000263337107662,0.010143171856979398
TW-03143,2026-10,0.01063098964799178,0.588414797366026,0.37963718146295,0.0002090057895113,0.01097228092291812
TW-00754,2026-10,0.00380630003980098,0.623213234113175,0.382890492369426,5640000000.0,0.00484727517929352
TW-05940,2026-10,0.00901212371504466,0.513303710048718,0.37963718146295,7860000000.0,0.00938529280904424
TW-01419,2026-10,0.008775563421490318,0.42454092831522,0.380284712234641,0.0017109271656421,0.00912631256865786
TW-01319,2026-10,0.0023079600792027598,0.617538412120563,0.382784248115003,221000000.0,0.00272503383400932
TW-05370,2026-10,0.0113994362977815,0.522297767546443,0.380709689252331,222000000.0,0.011814793851629458
TW-06250,2026-10,0.0011232870901212,0.46945767974731,0.38719506221439903,5640000000.0,0.00127070589948282
TW-05817,2026-10,0.005062839447177539,0.442261363027999,0.38194883276707003,1440000000.0,0.0064215504533918395
TW-01841,2026-10,0.00753212466328212,0.442368435141068,0.383130939892593,0.0001655407349906,0.007632900728019539
TW-05423,2026-10,0.00223272492255018,0.561593233042454,0.386253402612043,1680000000.0,0.0025274315464866
TW-02981,2026-10,0.002250317222862,0.550993093848707,0.38514958072662103,8270000000.0,0.00229332623972016
TW-05140,2026-10,0.00437973416911314,0.537341399432518,0.386009600007158,7390000000.0,0.0045656295365982
TW-03115,2026-10,0.00844430414966184,0.656619733390438,0.382153492751905,2040000000.0,0.0087257100800148
TW-00413,2026-10,0.00286492482098898,0.50623695058622,0.379907824721584,0.0,0.00306660544532508
TW-02834,2026-10,0.00484574297524476,0.588843085818299,0.396271676623804,0.0,0.00649588991203434
TW-03472,2026-10,0.01790971032593166,0.694898013812303,0.37963718146295,0.0001414312125612,0.01804382979490482
TW-02199,2026-10,0.01070622480464436,0.508699609186787,0.37967073228013604,0.0,0.01080996126550656
TW-00251,2026-10,0.00215561824458786,0.502757106911505,0.386113607540434,917000000.0,0.0021695122605981
TW-05740,2026-10,0.0049217267404212,0.593125970341025,0.383261788079618,4620000000.0,0.0049137785403996605
TW-03732,2026-10,0.0191232047431836,0.623159698056641,0.37963718146295,0.0003253087674278,0.01961926222470408
TW-03287,2026-10,0.00859589737575282,0.573049949140746,0.380512857791506,8680000000.0,0.009574121417686559
TW-04356,2026-10,0.00545136727108482,0.521119974302693,0.382331312082991,0.0001254713878544,0.00554773906496952
TW-06083,2026-10,0.0072240722556947395,0.495904491675143,0.38217809668450803,0.0003708112463791,0.0075280582046997595
TW-06441,2026-10,0.00392008853543472,0.501472241554687,0.387236441555595,2900000000.0,0.00426475304663508
TW-00135,2026-10,0.00675170027710992,0.528079661652123,0.38292516154718503,1320000000.0,0.008508209675476079
TW-01110,2026-10,0.008696959526480159,0.536163606188768,0.37963718146295,1580000000.0,0.00886637030110974
TW-02785,2026-10,0.0010405658482295999,0.591948177097275,0.390772697687007,0.0,0.00248026348704462
TW-04054,2026-10,0.01773266441002788,0.575566143797848,0.37963718146295,0.0003322699675659,0.01811006361934392
TW-03934,2026-10,0.00383324994666162,0.53894748112854,0.38512945023631,4070000000.0,0.00399090587438358
TW-01065,2026-10,0.00242212287909846,0.553455752449275,0.390938215051791,1900000000.0,0.00256738301707716
TW-06100,2026-10,0.007035422907670379,0.57743990577654,0.379709874900186,2680000000.0,0.00714184386179298
TW-02647,2026-10,0.0008272124189163,0.526580652069169,0.386458062596878,0.0,0.00086788505956758
TW-02499,2026-10,8.796150155892e-05,0.619572782268858,0.381236437082153,0.0,0.0001000528688385
TW-01606,2026-10,0.01085220346680606,0.566518550243589,0.37963718146295,255000000.0,0.0115447417110258
TW-01215,2026-10,0.0014949712222406398,0.505166229455538,0.392096836605284,323000000.0,0.00150841828961496
TW-04180,2026-10,0.010444586125539179,0.588789549761765,0.380994871198413,0.0001767465693592,0.01063785156719838
TW-00355,2026-10,0.00149309970093084,0.526634188125703,0.38831454114784103,119000000.0,0.00200633016746292
TW-02911,2026-10,0.00596191828438884,0.610043364205793,0.381848180315512,486000000.0,0.0060599893957842
TW-05171,2026-10,0.0024135138810735,0.494673162374859,0.38495274926579603,0.0003394009530731,0.0028863660525882
TW-05474,2026-10,0.00379319939063262,0.552277959205525,0.381923110473894,1920000000.0,0.00390480267641832
TW-06450,2026-10,0.010447580559634798,0.571283259275122,0.37963718146295,4110000000.0,0.01087121586619614
TW-02424,2026-10,0.00336761544479196,0.561111408533647,0.382902794335727,0.0,0.004023056894157
TW-05687,2026-10,0.00368390254614234,0.577279297606938,0.387895155933015,4330000000.0,0.0036649871635395597
TW-02937,2026-10,0.0019654716795156598,0.49783178971037,0.388952006674376,5300000000.0,0.00212585667958128
TW-06675,2026-10,0.00837243773136684,0.513946142727127,0.381372877072043,6980000000.0,0.008463049534861499
TW-06763,2026-10,0.012923977556716438,0.568874136731088,0.37963718146295,0.0001431290662534,0.013049876983464598
TW-05705,2026-10,0.00397099391506038,0.558220461480807,0.383553680189137,1360000000.0,0.0040523566742868
TW-00042,2026-10,0.00333916832088354,0.559077038385353,0.383331126435136,0.0,0.00443999082505032
TW-06684,2026-10,0.01227343674944196,0.611595909845281,0.37963718146295,3600000000.0,0.012975201714906539
TW-05592,2026-10,0.00366144429042516,0.573638845762621,0.400893860871471,102000000.0,0.00406814173940658
TW-01617,2026-10,0.00567520121973282,0.558006317254671,0.380142680441887,0.0,0.00576412196994024
TW-05065,2026-10,0.00438310290747072,0.481610364580545,0.387939890355929,4550000000.0,0.0043391112009
TW-06009,2026-10,0.00609591921016812,0.587718828631083,0.379798225385443,6670000000.0,0.006236992300758359
TW-04244,2026-10,0.00523801384177158,0.576958081267734,0.386169525569078,4520000000.0,0.0053333311799217
TW-06438,2026-10,0.00834735934581594,0.60961507575352,0.379854143414086,5230000000.0,0.00887055162160224
TW-04654,2026-10,0.0038643172004036996,0.646822635044703,0.381951069488216,1510000000.0,0.00383292549937596
TW-05012,2026-10,0.006436910392807379,0.587611756518015,0.37963718146295,0.0001904991842661,0.0078846948862878
TW-05649,2026-10,0.004121464228365479,0.577654050002677,0.383897016885008,153000000.0,0.00405976219224804
TW-05466,2026-10,0.0032725421622558596,0.58846833342256,0.389902613161315,1120000000.0,0.00347997716384382
TW-00681,2026-10,0.00416263769718036,0.605171583061192,0.385230102687868,1820000000.0,0.004120356609856019
TW-05168,2026-10,0.0067996112226399,0.551474918357514,0.380505029267496,6490000000.0,0.00710767029688128
TW-01925,2026-10,0.00265681165134306,0.55340221639274,0.387020597965031,0.0001845566963434,0.0033240248820146402
TW-05230,2026-10,0.00365807555206758,0.465067723111516,0.389572696792318,6760000000.0,0.00363607645376166
TW-05497,2026-10,0.00823282224165834,0.56325285079501,0.38086178629024103,2430000000.0,0.00867542073138666
TW-00233,2026-10,0.0012913497037381199,0.526901868408373,0.38748024416048,0.0,0.0016274540884412998
TW-00571,2026-10,0.00203584088076288,0.419508539001017,0.385350885629738,883000000.0,0.00284210853168018
TW-02103,2026-10,0.00195798559427664,0.515605760479683,0.386624698322236,0.0,0.0021020147446107
TW-02610,2026-10,0.00191606351693784,0.412655923764655,0.388036069365196,3650000000.0,0.00217174553392692
TW-02638,2026-10,0.00557975363293476,0.562771026286204,0.38856393555559,289000000.0,0.00566611895218104
TW-05553,2026-10,0.00480793824478746,0.591787568927673,0.380710807612904,0.0,0.0051478256975660995
TW-01570,2026-10,0.0033631237936485,0.544301086781948,0.381350509860585,0.0,0.0033108320656400395
TW-01845,2026-10,0.0080284521146319,0.55142138230098,0.38187054752696903,9020000000.0,0.00847763067527544
TW-02819,2026-10,0.0025520064579961795,0.543551581990471,0.38117269052949904,764000000.0,0.00294967498921008
TW-00964,2026-10,0.00461105420300016,0.549547620322287,0.379659548674407,5690000000.0,0.00501247584184596
TW-03086,2026-10,0.01651056099475098,0.491782215322019,0.380942308251488,0.0035274608309397,0.01717092762618552
TW-01111,2026-10,0.00972779346389898,0.529953423630815,0.381583128859742,1310000000.0,0.01029508386282318
TW-05731,2026-10,0.00544013814322626,0.600995770651534,0.380270173547194,4260000000.0,0.0054043862624552404
TW-04990,2026-10,0.00177420220165764,0.437443117939933,0.395787426495751,7390000000.0,0.0024390672451452
TW-04638,2026-10,0.004833765238862219,0.540285882541892,0.381174927250645,0.0002806552153226,0.00560429202735282
TW-03813,2026-10,0.004850234626388159,0.644788264896408,0.380219847321415,0.000132093017254,0.0053498910876189
TW-01717,2026-10,0.0025987944907402798,0.53172011349644,0.390811840307057,0.0001023805776403,0.00296956132880766
TW-00113,2026-10,0.00932990803344282,0.532951442796724,0.37963718146295,0.0,0.009486991491630119
TW-00804,2026-10,0.00334927453595628,0.578189410568018,0.382159084554769,8350000000.0,0.0036606225293624997
TW-03135,2026-10,0.004843497149673,0.568659992504952,0.381575300335732,2290000000.0,0.0051322038503958
TW-04171,2026-10,0.00310934550404436,0.531666577439906,0.37963718146295,3500000000.0,0.0031542796820355
TW-01220,2026-10,0.00306517760113386,0.535895925906098,0.38357604740059503,0.0,0.00304137912834372
TW-03442,2026-10,0.00958855227845244,0.542695005085925,0.37963718146295,0.0002399067267095,0.010418169955553518
TW-03003,2026-10,0.0022005347560222197,0.482681085711227,0.38631155736183204,1410000000.0,0.0022320301410381597
TW-03513,2026-10,0.01228204574746692,0.592269393436479,0.37963718146295,0.000178104852313,0.01428937273515714
TW-03914,2026-10,0.00829083940226106,0.651480271963167,0.37976579292883,0.0001169821193934,0.008516133796674659
TW-04032,2026-10,0.010444586125539179,0.516034048931956,0.37963718146295,0.0004266706328528,0.010955793559027559
TW-03481,2026-10,0.01203575354310174,0.57428127844103,0.380111366345846,0.0002421139365094,0.012352756791506039
TW-02975,2026-10,0.00562242431879742,0.609400931527384,0.380343985345003,0.0,0.0059286100050831
TW-03375,2026-10,0.0009069392267123399,0.610578724771133,0.386370830472194,0.0,0.0009292861891629
TW-04187,2026-10,0.00439320912254346,0.556186091332512,0.382487882563193,3750000000.0,0.0044514263876922
TW-03248,2026-10,0.00896009542263318,0.599229080785909,0.38062357548822,0.000210364072465,0.00959988918145506
TW-02755,2026-10,0.0027941813154798,0.572032764066599,0.381951069488216,5400000000.0,0.0029470217719215
TW-03516,2026-10,0.0016787546148595799,0.665346110605493,0.391680806472176,509000000.0,0.00199920237720228
TW-02481,2026-10,0.00300266878938768,0.562610418116602,0.380399903373647,0.0,0.00541163705673354
TW-05826,2026-10,0.0038145347335639796,0.589324910327105,0.380384246325626,985000000.0,0.0038301066420178198
TW-01216,2026-10,0.0024468269603873396,0.555918411049842,0.384818545997052,0.0,0.0024964228651788603
TW-02589,2026-10,0.0005330092690211999,0.507575351999572,0.393915290896769,0.0,0.0005796049304865
TW-00995,2026-10,0.00526982970403758,0.555490122597569,0.387528333665114,492000000.0,0.0054699836458305595
TW-01775,2026-10,0.00483825689000568,0.529632207291611,0.380937834809197,4450000000.0,0.00500981172688884
TW-01380,2026-10,0.00515566690414188,0.596123989506933,0.386248929169752,2600000000.0,0.00528726897365592
TW-05454,2026-10,0.0097203073786599,0.553616360618877,0.37963718146295,4740000000.0,0.01019702257941192
TW-05284,2026-10,0.03858365762638698,0.467155629316345,0.37963718146295,0.0001157936218088,0.039650891834151485
TW-03436,2026-10,0.0033208274120478,0.482359869372022,0.388688073579179,747000000.0,0.004527066109275659
TW-03455,2026-10,0.00941412649238226,0.593340114567161,0.380656007944834,0.0002227584044182,0.010436442717688019
TW-02492,2026-10,0.00374453983657872,0.584292521012902,0.382633269437666,0.0,0.0037430079863926195
TW-03590,2026-10,0.00467917757867562,0.553027463997002,0.383315469387116,3460000000.0,0.00481569963578406
TW-05944,2026-10,0.00415964326308474,0.568874136731088,0.380095709297826,4350000000.0,0.004152589873147259
TW-03690,2026-10,0.00627333943033386,0.71561646769099,0.381621153119219,4820000000.0,0.0065838597147795
TW-04929,2026-10,0.00321340208886732,0.513143101879116,0.38268918746630903,4820000000.0,0.00345736200835974
TW-00536,2026-10,0.0012539192775428399,0.520959366133091,0.383779589024857,0.0,0.0012050160113359798
TW-01362,2026-10,0.00493969334499498,0.53632421435837,0.38938369385550303,2560000000.0,0.00498218816616222
TW-02003,2026-10,0.0029547578438577,0.492371111943894,0.38517082957750604,3530000000.0,0.00328622711792112
TW-02726,2026-10,0.0026523200001996,0.631457786819423,0.381068682996222,6370000000.0,0.00291754553266956
TW-03322,2026-10,0.020085166696403037,0.543658654103539,0.379639418184096,0.0003144425037976,0.020656569054476156
TW-04480,2026-10,0.00892041917086614,0.673001766689866,0.37963718146295,7450000000.0,0.00925294338732864
TW-05737,2026-10,0.00651364276650774,0.592215857379945,0.381696083277602,6030000000.0,0.00666330104180202
TW-01208,2026-10,0.00150320591600358,0.548691043417742,0.39608714712928,0.0,0.00274257423987366
TW-05573,2026-10,0.0037658751795100797,0.552063814979389,0.38179673572916,165000000.0,0.0037111603006588795
TW-03514,2026-10,0.01904647236948324,0.623159698056641,0.37963718146295,0.0001343002270539,0.01941376268766432
TW-02349,2026-10,0.00058840629979026,0.52358263290326,0.3980319761655,0.0,0.00057781054007496
TW-02513,2026-10,0.00465372488886282,0.633759837250388,0.37963718146295,0.0,0.0045780627880956
TW-02115,2026-10,0.00074374256850078,0.531505969270304,0.39003457970891303,0.0,0.00117594236437986
TW-02084,2026-10,0.00040761734126688003,0.574388350554098,0.395856764851269,0.0,0.00036710168536542
TW-00638,2026-10,0.0052432541014389,0.558220461480807,0.37963718146295,3070000000.0,0.0052542445119253805
TW-04677,2026-10,0.00242923466007558,0.560576047968307,0.38665377569713,4920000000.0,0.00260508513550464
TW-01640,2026-10,0.0016510560994750798,0.472402162856684,0.394378292173936,458000000.0,0.00209311158151194
TW-02659,2026-10,0.003907736494790279,0.559451790781091,0.384091611624687,815000000.0,0.0038782365863641198
TW-06111,2026-10,0.00275487936797472,0.547031425665185,0.393627872229541,1260000000.0,0.0032629698273320996
TW-02794,2026-10,0.005025034716720239,0.563359922908079,0.382625440913656,749000000.0,0.00511049019527682
TW-00010,2026-10,0.0020695282643386197,0.538197976337063,0.384179962109944,1900000000.0,0.00217562596870518
TW-03519,2026-10,0.01114116635703384,0.601584667273409,0.37963718146295,5210000000.0,0.0112810740056664
TW-03268,2026-10,0.01962739258403442,0.596552277959206,0.37963718146295,0.0001061158557632,0.019994330966809318
TW-03057,2026-10,0.00326168733865926,0.568981208844157,0.389408297788106,6320000000.0,0.0032978882559377997
TW-00288,2026-10,0.00107275601475756,0.548316291022003,0.38572889150336703,0.0,0.0013237425275155798
TW-02291,2026-10,0.00455266273813548,0.52593821939076,0.37963718146295,0.0,0.00487901194166106
TW-06405,2026-10,0.00436887934551648,0.533058514909792,0.380209782076259,2310000000.0,0.0045868978136247
TW-04225,2026-10,0.0043000073613171,0.591305744418866,0.383550325107419,3750000000.0,0.00446929203898536
TW-02833,2026-10,0.00051953431559088,0.602601852347556,0.389096275188276,5080000000.0,0.0006238046611818
TW-05922,2026-10,0.005037761061626699,0.595481556828524,0.380571012541295,2840000000.0,0.00514941311089122
TW-01681,2026-10,0.00579235845372414,0.587825900744151,0.380685085319728,2330000000.0,0.00718414289459004
TW-05713,2026-10,0.00428578379936292,0.570533754483645,0.38440475258509,1460000000.0,0.0042906189156258
TW-04739,2026-10,0.00582941457565746,0.580652069168585,0.384438303402277,5540000000.0,0.00614192015311602
TW-02892,2026-10,0.00545436170518044,0.590127951175116,0.384550139459563,1240000000.0,0.0056725427103763194
TW-04207,2026-10,0.00542591458127202,0.575940896193586,0.381347154778867,543000000.0,0.00554899237546842
TW-01849,2026-10,0.039398518004658836,0.615343433802666,0.37963718146295,0.0002190231262953,0.0431810645016372
TW-00066,2026-10,0.00426781719478914,0.527972589539055,0.383364677252322,0.0,0.00457773003297144
TW-03698,2026-10,0.0040001896474927195,0.565126612773703,0.383025813998743,3970000000.0,0.00399481328940822
TW-05446,2026-10,0.00511935939073242,0.607848385887895,0.383436252328986,3990000000.0,0.0055476210062697
TW-05413,2026-10,0.00294165719468934,0.553348680336206,0.387748650697969,0.0,0.00341232443375964
TW-05615,2026-10,0.0060128236640145,0.481556828524011,0.384889002713143,1340000000.0,0.00615789552125298
TW-00269,2026-10,0.0031535134069548003,0.531827185609508,0.383438489050132,0.0,0.00322950283265796
TW-01346,2026-10,0.00261488957400432,0.511429948070025,0.382315655034971,357000000.0,0.0026636969411349
TW-04951,2026-10,0.0032882629412578795,0.536859574923711,0.38398760409141003,25500000.0,0.00329334113167188
TW-04385,2026-10,0.004924721174516819,0.55458000963649,0.37963718146295,1940000000.0,0.0049338400363407
TW-04991,2026-10,0.005025409020982199,0.5047914770598,0.381352746581731,7150000000.0,0.005276416456871161
TW-00643,2026-10,0.0075759182619306595,0.570159002087906,0.38102506693388,3970000000.0,0.0079412064292947
TW-01928,2026-10,0.01343677439559222,0.54708496172172,0.37963718146295,0.0002417743657709,0.01478675311675152
TW-03241,2026-10,0.002066533830243,0.610578724771133,0.385022087621314,6660000000.0,0.0033088444447029602
TW-00171,2026-10,0.0017494981203687598,0.507575351999572,0.382813325489898,7450000000.0,0.0017943650522844
TW-03540,2026-10,0.0009642077787911399,0.183200385459607,0.40523645497592203,0.0001933855355429,0.0016989664949484601
TW-06215,2026-10,0.00938156202159234,0.620108142834199,0.381267751178193,0.0,0.0099759306424917
TW-01723,2026-10,0.00409151988740928,0.560308367685636,0.38206961570894,8680000000.0,0.00441864506264292
TW-06121,2026-10,0.00603079026858828,0.411745810803576,0.379972689634811,0.0004453470234672,0.0075430950668193605
TW-00414,2026-10,0.005126845475971501,0.5937148669629,0.383248367752744,1610000000.0,0.00524492143855938
TW-02709,2026-10,0.0021346572059184597,0.538572728732801,0.390447254760302,0.0,0.0027077647842097797
TW-00160,2026-10,0.00422851524728406,0.586326891161197,0.385062348601937,0.0,0.00472232508359694
TW-01663,2026-10,0.00427754910559992,0.550671877509503,0.381650230494114,0.0,0.00433010775753762
TW-06300,2026-10,0.00832677261140856,0.53632421435837,0.37963718146295,4620000000.0,0.00873728447468628
TW-03452,2026-10,0.00377673000310668,0.637346753038171,0.383144360219467,3750000000.0,0.0041418131383977
TW-05742,2026-10,0.00463051802462172,0.561218480646716,0.380324973215264,312000000.0,0.004706767641610319
TW-00141,2026-10,0.008489220661096199,0.602869532630226,0.37963718146295,781000000.0,0.00846306133848534
TW-04753,2026-10,0.00854723782169892,0.596338133733069,0.37963718146295,6960000000.0,0.00875900701340796
TW-03737,2026-10,0.005725357990834499,0.530595856309224,0.382958712364371,458000000.0,0.00859534671440442
TW-02950,2026-10,0.012904139430832918,0.644467048557203,0.379802698827734,1240000000.0,0.013131445616998319
TW-04743,2026-10,0.0018022750213040999,0.538197976337063,0.383573810679449,0.0002911819082143,0.00274073627750598
TW-03404,2026-10,0.02334909986063406,0.359815835965523,0.37963718146295,0.0005436527522463,0.023891188243311177
TW-06732,2026-10,0.0057369614229550794,0.629423416671128,0.37993354701476,0.0001815005596974,0.00605052235040274
TW-03527,2026-10,0.032305452240647695,0.720006424326784,0.37963718146295,9070000000.0,0.0331523075287872
TW-06777,2026-10,0.0035401697095523398,0.528079661652123,0.383530194617107,0.0001147749095935,0.00377234986349352
TW-05105,2026-10,0.00676405231775436,0.529471599122009,0.386467009481461,0.0001402427149767,0.00687021514563492
TW-06257,2026-10,0.00416600643553794,0.527704909256384,0.379639418184096,3170000000.0,0.00423809888799534
TW-02388,2026-10,0.0068692318153632,0.45553830504845,0.380346222066149,0.0001432988516226,0.008702269206200819
TW-04369,2026-10,0.00552922255757106,0.588575405535628,0.37963718146295,3960000000.0,0.005593449696949499
TW-02851,2026-10,0.0073258830149459395,0.60790192194443,0.379929073572469,6640000000.0,0.00751305497523366
TW-01072,2026-10,0.0031699827944807403,0.55982654317683,0.38231118159268,115000000.0,0.0034165415694342002
TW-06060,2026-10,0.00895335794591802,0.703356710744687,0.37963718146295,1920000000.0,0.008872563310251779
TW-05935,2026-10,0.00593496837752826,0.552117351035923,0.38049720074348603,6430000000.0,0.00605532427645992
TW-05120,2026-10,0.01009835468323254,0.605492799400396,0.383308759223679,4640000000.0,0.01005920555292804
TW-05247,2026-10,0.00852702539155344,0.548423363135071,0.38018965158594703,6380000000.0,0.008773119490432859
TW-03102,2026-10,0.00244121239645806,0.541410139729108,0.391621533361814,148000000.0,0.0026017978618362
TW-04153,2026-10,0.00328302268159056,0.450987740243054,0.38319692316639203,1660000000.0,0.00328271143121634
TW-06522,2026-10,0.04402379576961324,0.625890036939879,0.37963718146295,0.0002835415665994,0.0440002449417285
TW-03560,2026-10,0.01318187319320214,0.648482252797259,0.37963718146295,0.0001675781594213,0.0137009851710588
TW-03686,2026-10,0.00503102358491154,0.724503453075646,0.379678560804146,8220000000.0,0.005108534784418859
TW-05491,2026-10,0.00307079216506314,0.542534396916323,0.390593759995348,0.0001451664906841,0.00321520759974738
TW-00695,2026-10,0.0057227378610008395,0.577065153380802,0.38442711979654803,2510000000.0,0.005691943162203899
TW-01960,2026-10,0.05319949044713142,0.488516515873441,0.37963718146295,0.0007759191373409,0.0918794024509656
TW-00707,2026-10,0.007551588484903679,0.60265538840409,0.37963718146295,3190000000.0,0.007542054064317299
TW-03872,2026-10,0.0057803807173416,0.577332833663472,0.389071671255673,379000000.0,0.00592259875228104
TW-04936,2026-10,0.00260628057597936,0.554258793297286,0.392404385762823,3460000000.0,0.0026841583040187597
TW-05187,2026-10,0.0062198139208746,0.596927030354944,0.37963718146295,6640000000.0,0.006713651961695879
TW-02335,2026-10,0.00024142624895969999,0.544675839177686,0.390220227564009,0.0,0.00020180031577704
TW-02539,2026-10,0.0023929271466661198,0.540553562824562,0.383479868391328,0.0,0.00259872181051566
TW-05625,2026-10,0.007605862602886859,0.640184164034477,0.37963718146295,2600000000.0,0.007580745279999779
TW-05936,2026-10,0.007309039323158099,0.555008298088763,0.380979214150393,4140000000.0,0.00769137389254464
TW-04131,2026-10,0.00667421929488564,0.571015578992451,0.382887137287707,3060000000.0,0.0073416598510158
TW-03437,2026-10,0.0033983083942721397,0.610739332940736,0.390077077410682,0.0,0.0036011696565734397
TW-05903,2026-10,0.0056680894387557,0.526420043899566,0.38075442367524603,594000000.0,0.00596010616145442
TW-00417,2026-10,0.0030550713860611196,0.568124631939611,0.38634734490016404,1020000000.0,0.00324520682601198
TW-03624,2026-10,0.031012231015599776,0.587665292574549,0.37963718146295,0.0002964452546602,0.03129752251518198
TW-02894,2026-10,0.0040585811123574,0.542962685368596,0.414432733966624,0.0,0.00411795413627808
TW-05460,2026-10,0.00483526245591006,0.587772364687617,0.37963718146295,5570000000.0,0.00518540601742056
TW-00918,2026-10,0.00326430746849292,0.497403501258097,0.381015001688724,0.0,0.0041958445240341
TW-05252,2026-10,0.0032074132206760197,0.522779592055249,0.380184059783083,6060000000.0,0.0032119094209231195
TW-06217,2026-10,0.00203546657650092,0.538251512393597,0.383548088386273,6430000000.0,0.0022197402850391997
TW-00393,2026-10,0.0008343241998934201,0.4952085229402,0.386434577024848,0.0,0.00125003532457326
TW-01893,2026-10,0.00325906720882554,0.532309010118315,0.388408483435962,1920000000.0,0.00411217740235134
TW-01469,2026-10,0.00298769661890958,0.587718828631083,0.385357595793175,357000000.0,0.00296478940409562
TW-02804,2026-10,0.01784645290566162,0.55575780288024,0.38018294142251,0.0,0.01800979342231848
TW-00746,2026-10,0.0036124104321093,0.601316986990738,0.380725346300351,5500000000.0,0.00372486224143302
TW-02600,2026-10,0.00279567853252764,0.557310348519728,0.38984222169038,0.0,0.00318690393615402
TW-00015,2026-10,0.004237872853832939,0.558755822046148,0.383544733304554,79800000.0,0.00448784242025562
TW-04721,2026-10,0.00502915206360174,0.394989025108411,0.384090493264114,0.0011059818951069,0.00530042414796348
TW-04375,2026-10,0.00230683716641688,0.528507950104395,0.38649049505349103,1460000000.0,0.0023463006001745402
TW-05736,2026-10,0.007725639966711899,0.529150382782804,0.381358338384595,1780000000.0,0.007853966519519879
TW-02605,2026-10,0.00024816372567486,0.472991059478559,0.382815562211044,0.0,0.00019913653774541998
TW-03167,2026-10,0.00345482833782702,0.606563520531078,0.384363373243894,0.0,0.00343180648520292
TW-06124,2026-10,0.00306704912244366,0.521066438246159,0.38911193223629603,6160000000.0,0.003319764672285
TW-01424,2026-10,0.0036764164609032596,0.520049253172011,0.38037194435932503,0.0,0.0038431421403830397
TW-05089,2026-10,0.002385815365689,0.516034048931956,0.38406588933151103,0.0001073043533478,0.002390736160011
TW-03878,2026-10,0.02609162718796434,0.528454414047861,0.37963718146295,0.000562668713599,0.02707600247758488
TW-03921,2026-10,0.00786712697773014,0.585630922426254,0.37963718146295,0.0002915214789528,0.0079390111836255
TW-02475,2026-10,0.01227830270484738,0.534396916323144,0.379651720150397,0.0,0.012771354688944659
TW-06476,2026-10,0.00766387976348964,0.537020183093313,0.37965283851097004,4330000000.0,0.008171423608150319
TW-05939,2026-10,0.00524437701422478,0.572246908292735,0.381979028502538,0.0001363376514846,0.00537444693031602
TW-04836,2026-10,0.00598999110403536,0.604154397987044,0.38091546759773903,6110000000.0,0.0059714750427936
TW-02348,2026-10,0.00034136548690121997,0.558273997537341,0.388638865713973,0.0,0.00071990758376502
TW-05755,2026-10,0.004276051888552139,0.576315648589325,0.391060116354234,4470000000.0,0.00450265199242392
TW-01201,2026-10,0.00066888171611016,0.524653354033942,0.406740649946431,3800000000.0,0.0006601398840326401
TW-02885,2026-10,0.00256323558585474,0.517854274854114,0.38688415797514103,0.0,0.00291391509662214
TW-02408,2026-10,0.00260665488024132,0.515659296536217,0.382066260627221,0.0,0.00343403503783092
TW-01895,2026-10,0.0034791581148539996,0.526741260238771,0.38368005493387103,475000000.0,0.0034936767049595996
TW-04296,2026-10,0.00642755278625856,0.57401359815836,0.37963718146295,4240000000.0,0.006359113596050459
TW-00497,2026-10,0.00136284181777122,0.549279940039617,0.385676328556443,0.0,0.00147772564818222
TW-01754,2026-10,0.0056351506637038196,0.430644038760105,0.385752377075398,0.0,0.00662906811810204
TW-06702,2026-10,0.0052114382391729,0.537073719149847,0.384088256542969,0.0,0.005432714136018479
TW-02476,2026-10,0.0035382981882425995,0.517318914288774,0.383475394949036,34000000.0,0.00353154658983102
TW-06546,2026-10,0.00457661821090044,0.473098131591627,0.387329265483143,0.0001616356714985,0.0073724339086269595
TW-04465,2026-10,0.00607158943314114,0.576047968306655,0.382136717343312,1630000000.0,0.00649158233432118
TW-06796,2026-10,0.00530164556630358,0.55168906258365,0.37981388243346303,238000000.0,0.00619211054672094
TW-01263,2026-10,0.00523314788636616,0.531505969270304,0.38422916997515,391000000.0,0.00518719821032904
TW-02185,2026-10,0.00166565396569122,0.530595856309224,0.38223848815544303,0.0,0.00215519362633884
TW-01821,2026-10,0.00669518033355498,0.527972589539055,0.381813511137753,3670000000.0,0.0068358172856653795
TW-00220,2026-10,0.00180377223835194,0.580652069168585,0.384238116859733,747000000.0,0.0019334299872280798
TW-02775,2026-10,0.00096720221288676,0.50886021735639,0.383921620817611,0.0,0.00101146802338728
TW-01108,2026-10,0.0037074837146454,0.54183842818138,0.381499251816777,0.0,0.0036941277763132795
TW-04601,2026-10,0.009258790223671738,0.611810054071417,0.37963718146295,1710000000.0,0.00947520131488548
TW-04908,2026-10,0.0234078656297607,0.67739172332566,0.37963718146295,3450000000.0,0.02352761474833068
TW-03820,2026-10,0.03587706350820414,0.453289790674019,0.37963718146295,0.0001487319834377,0.03628725780161148
TW-02723,2026-10,0.0047566585608999,0.549815300604957,0.38731696351684103,0.0,0.00492575774733174
TW-04826,2026-10,0.00717017244197346,0.640933668825954,0.386547531442708,7370000000.0,0.00740210711827764
TW-03289,2026-10,0.01273495390443012,0.603940253760908,0.381087695125961,2360000000.0,0.01313085330194598
TW-02203,2026-10,0.0007763070392907,0.524439209807806,0.394435328563153,0.0,0.00076825614410244
TW-00910,2026-10,0.0026684150834635797,0.592001713153809,0.384972879756108,3280000000.0,0.00264353745228012
TW-00379,2026-10,0.00020661595259808,0.501739921837357,0.419986512571491,0.0,0.00015194179005912
TW-05238,2026-10,0.0031205746319029203,0.483965951068044,0.385880988541278,7810000000.0,0.00364190166003894
TW-06208,2026-10,0.00336349809791046,0.47786284062316,0.38165917737869703,0.0002205511946183,0.0039116389736992795
TW-00939,2026-10,0.0041360620945816795,0.565554901225976,0.382264210448619,1830000000.0,0.00421522361852772
TW-02177,2026-10,0.00013961548970849999,0.510733979335082,0.393272233567369,0.0,9.106138633182e-05
TW-05087,2026-10,0.00781285285974696,0.56153969698592,0.37963718146295,0.0001000035824712,0.0082195860283725
TW-03133,2026-10,0.01753765188955032,0.607473633492157,0.37963718146295,856000000.0,0.019416256187285097
TW-05279,2026-10,0.0031976813098652398,0.504952085229402,0.380884153501699,0.0001495809102838,0.00889974961279086
TW-01591,2026-10,0.0046346353715032195,0.521173510359227,0.384719011906067,0.0,0.0048589420525311
TW-03707,2026-10,0.01081739317044444,0.654424755072541,0.38035069550844003,0.000208836004142,0.0119006967923004
TW-01995,2026-10,0.0041940792551843995,0.51464211146207,0.38716039303664,0.0,0.0042087714462808795
TW-04852,2026-10,0.0033474030146464803,0.594517907810911,0.37963718146295,255000000.0,0.0033233492452828203
TW-05081,2026-10,0.00273728706766296,0.473954708496172,0.391035512421631,0.0001037388605941,0.0028978182967866
TW-02345,2026-10,0.15824648434721938,0.516569409497296,0.37963718146295,0.0,0.159776441567415
TW-06138,2026-10,0.0057085142990466005,0.49783178971037,0.383349020204302,1050000000.0,0.00642567283438116
TW-02153,2026-10,0.0002878399774419,0.52186947909417,0.389539145975132,0.0,0.00048220227655589997
TW-01973,2026-10,0.0016637824443814801,0.34348733872263,0.388423022123409,0.0008611513926899,0.00215733795133212
TW-03913,2026-10,0.00792327261702312,0.607313025322555,0.37963718146295,3750000000.0,0.00835469871099294
TW-04909,2026-10,0.00232330655394282,0.519674500776273,0.38710223828685103,9250000000.0,0.00259248863610882
TW-04432,2026-10,0.0066727220778378,0.627549654692435,0.37963718146295,9800000000.0,0.00716545316841474
TW-02171,2026-10,0.0009159225289991999,0.514588575405536,0.389653218753565,0.0,0.00116752326965334
TW-02695,2026-10,0.0029371655435458796,0.584934953691311,0.384719011906067,1550000000.0,0.0030634239887294998
TW-02640,2026-10,0.00078529034157756,0.359441083569784,0.679025661901705,781000000.0,0.00140597952393372
TW-02718,2026-10,0.0002837226305604,0.586969323839606,0.392186305451113,0.0,0.00038562987447522
TW-03591,2026-10,0.00296561266745436,0.559773007120296,0.385844082642373,594000000.0,0.00305561388686826
TW-01378,2026-10,0.0020919865200557997,0.50334600353338,0.388122183129307,0.0102299080663161,0.004066570513480619
TW-02276,2026-10,0.00200402501849682,0.548102146795867,0.382580706490741,0.0,0.0024975891328431602
TW-04352,2026-10,0.0033713584874114997,0.542534396916323,0.391453779275884,1240000000.0,0.00350888198865606
TW-03044,2026-10,0.00475066969270866,0.536270678301836,0.386906525186598,1730000000.0,0.00544102660505094
TW-03392,2026-10,0.007282463720559419,0.0917608008994058,0.37963718146295,0.0243479010877979,0.007480765063532759
TW-01911,2026-10,0.02475274084295814,0.601905883612613,0.37963718146295,0.0003220828454126,0.02567935941419088
TW-03688,2026-10,0.0026609289982245,0.657476310294984,0.387370644824339,1340000000.0,0.00305713397873214
TW-03597,2026-10,0.0068396617786689,0.212966432892553,0.37963718146295,0.0006266777977954,0.00816260507325324
TW-02896,2026-10,0.0030273728706766197,0.58557738636972,0.382730566807506,0.0,0.00394651929228582
TW-00129,2026-10,0.0052960310023743,0.555008298088763,0.380743240069517,2280000000.0,0.0054347542424632795
TW-05978,2026-10,0.00703130556078888,0.581133893677392,0.380256753220319,8400000000.0,0.0070825002427169995
TW-05227,2026-10,0.0058477554844931995,0.563681139247283,0.385548835451135,0.0004884725072494,0.006431729849155199
TW-02611,2026-10,0.00282038261381652,0.545211199743027,0.383356848728312,0.0,0.00324375117676788
TW-03538,2026-10,0.0043991979907347,0.557149740350126,0.381361693466314,815000000.0,0.0044770724127855
TW-02780,2026-10,0.00778103699748096,0.636650784303228,0.380370825998752,0.0,0.00787316405982888
TW-00641,2026-10,0.011047964595807539,0.541999036350982,0.37963718146295,7610000000.0,0.0114229944592077
TW-00222,2026-10,0.0017663418121565998,0.559505326837625,0.387104475007996,424000000.0,0.0018580664397442198
TW-05294,2026-10,0.00269274486049056,0.548423363135071,0.389410534509252,1940000000.0,0.0030147740784693
TW-05142,2026-10,0.00470987052815574,0.481182076128272,0.380659363026552,896000000.0,0.00498108498218484
TW-03105,2026-10,0.0041667550440618,0.552438567375127,0.381536157715681,9610000000.0,0.00452420159102322
TW-06370,2026-10,0.00451111496505864,0.53289790674019,0.38842861392627304,815000000.0,0.00449631145108686
TW-02989,2026-10,0.0032351117360605803,0.533486803362064,0.3858429642818,0.0,0.0032222670989500795
TW-04401,2026-10,0.01191223313665722,0.629637560897264,0.37963718146295,0.000139733358869,0.01217914010773638
TW-05340,2026-10,0.00362625968980158,0.565073076717169,0.386643710451974,6670000000.0,0.00376915899170166
TW-04683,2026-10,0.00311645728502142,0.518175491193319,0.384535600772116,4140000000.0,0.0032352183322444197
TW-02862,2026-10,0.00483039650050464,0.608383746453236,0.38393727786563103,4010000000.0,0.00504950486171388
TW-06334,2026-10,0.00397585987046574,0.560415439798704,0.381483594768757,340000000.0,0.00442717870081314
TW-04426,2026-10,0.0064032230092315795,0.55195674286632,0.381028422015599,0.0001049273581787,0.0067478907853359
TW-05712,2026-10,0.00401815625206644,0.475721398361797,0.382663465173133,713000000.0,0.00485723425197648
TW-04209,2026-10,0.0072120945193122,0.562663954173136,0.380779027607849,8370000000.0,0.0072443696403598195
TW-02444,2026-10,0.00470013861734496,0.556400235558649,0.388058436576654,0.0,0.00495485677226622
TW-01961,2026-10,0.00470874761536992,0.58386423256063,0.38087296989597,4210000000.0,0.00535912349058564
TW-00209,2026-10,0.00229673095134414,0.542641469029391,0.385378844644059,2480000000.0,0.00246522956366424
TW-00912,2026-10,0.0025718445838796996,0.591198672305798,0.388286582133519,7790000000.0,0.0026712915491814595
TW-00538,2026-10,0.00613222672357752,0.543819262273141,0.382282104217785,0.0,0.00663365523917004
TW-03004,2026-10,0.005850375614326859,0.568981208844157,0.38068955876202,486000000.0,0.0059669813399396395
TW-06524,2026-10,0.005686430347591379,0.538037368167461,0.381108943976845,0.0003626615486564,0.00636160476714162
TW-05249,2026-10,0.00196472307099174,0.512607741313775,0.382990026460411,0.0,0.00258486534447024
TW-02184,2026-10,0.00525448322929752,0.449702874886236,0.381486949850475,0.0,0.0054341778003462
TW-00308,2026-10,0.00146914422816588,0.53172011349644,0.38845769130116803,136000000.0,0.00151928671677114
TW-04241,2026-10,0.0029143329835667397,0.543390973820868,0.390077077410682,1490000000.0,0.0029826355024781996
TW-05550,2026-10,0.00403836868221192,0.528347341934793,0.37976579292883,2040000000.0,0.00397354549156464
TW-06221,2026-10,0.007475604719727179,0.678462444456341,0.380817051867327,2510000000.0,0.008015179732263839
TW-06219,2026-10,0.007969686345505319,0.609293859414316,0.380359642393023,6550000000.0,0.00803672839870254
TW-01659,2026-10,0.011562258651731099,0.555008298088763,0.38001071389428803,4470000000.0,0.014022134566491718
TW-05118,2026-10,0.004124832966723059,0.597034102468012,0.383382571021488,3170000000.0,0.0042238349929011
TW-02996,2026-10,0.048351501646314896,0.514856255688206,0.37963718146295,3990000000.0,0.04991245351015782
TW-03238,2026-10,0.0046750602317941195,0.574870175062905,0.382600836981053,0.0002628277515544,0.00510837889647108
TW-01482,2026-10,0.011654711804433539,0.589860270892446,0.37970316473674903,0.0001351491539,0.012075068260348558
TW-00508,2026-10,0.0026777726900124,0.519995717115477,0.38169943835932,0.0,0.00281730118906182
TW-05311,2026-10,0.0044310138530007,0.523743241072863,0.383488815275911,0.0003706414610098,0.00451225155435336
TW-03754,2026-10,0.0087347642569374,0.620589967343005,0.380201953552249,3890000000.0,0.009200308748869379
TW-03873,2026-10,0.00420081673189956,0.589592590609776,0.382585179933033,1390000000.0,0.0047554569796428
TW-05104,2026-10,0.0061161316403135395,0.579045987472563,0.383795246072877,8950000000.0,0.00663645321463356
TW-05405,2026-10,0.00427118593314672,0.570533754483645,0.38267129369714403,0.0,0.0042581981682608995
TW-01013,2026-10,0.0016540505335706998,0.500347984367472,0.411986879393759,9800000000.0,0.00184996386407574
TW-05395,2026-10,0.00589117477887972,0.639595267412602,0.381068682996222,5300000000.0,0.0061915206912247795
TW-03079,2026-10,0.05055839957479038,0.484126559237647,0.37963718146295,0.0001222454658392,0.05106713161066836
TW-02131,2026-10,0.00180714097670952,0.533968627870871,0.380161692571625,0.0,0.0026437880350152
TW-06308,2026-10,0.00610115946983544,0.522940200224851,0.37963718146295,3580000000.0,0.00605212859412042
TW-00863,2026-10,0.0076874609319926394,0.572621660688474,0.37963718146295,6450000000.0,0.00768637705507806
TW-03748,2026-10,0.006479955382931999,0.569998393918304,0.37963718146295,713000000.0,0.00744293062696896
TW-03310,2026-10,0.00523352219062812,0.49809946999304,0.383766168697982,0.0002658838882004,0.00615093040986102
TW-02512,2026-10,0.00422290068335478,0.58964612666631,0.37963718146295,0.0,0.0042429112774614594
TW-04444,2026-10,0.00831254904945432,0.579902564377108,0.381246502327308,5370000000.0,0.00901256819250528
TW-04944,2026-10,0.010230484087701958,0.560736656137909,0.384657502074559,9020000000.0,0.01091455969377912
TW-04651,2026-10,0.00804791593625346,0.516783553723433,0.381546222960837,3850000000.0,0.00826164818007198
TW-01033,2026-10,0.0034559512506129003,0.499330799293324,0.38157082689344,4750000000.0,0.0034840387222907997
TW-06565,2026-10,0.00473008295830122,0.814551100165962,0.37963718146295,0.0,0.005429510086695419
TW-03173,2026-10,0.0653119763639334,0.493120616735371,0.37963718146295,0.0008580952560439,0.066308440805598
TW-06454,2026-10,0.0028050361390764603,0.372182665024894,0.415677469284227,6660000000.0,0.00310150919895288
TW-03098,2026-10,0.0048068153320016405,0.534075699983939,0.383580520842886,0.0001582399641141,0.00483735368877972
TW-05725,2026-10,0.003925703099364,0.549333476096151,0.380817051867327,3230000000.0,0.00417056602103436
TW-03200,2026-10,0.0040537151569519795,0.478451737245034,0.384799533867313,2850000000.0,0.00427132902777726
TW-03425,2026-10,0.00896009542263318,0.676428074308047,0.37963718146295,0.0001716530082826,0.0091793211233082
TW-00970,2026-10,0.00418509595289754,0.556453771615183,0.385950326896795,7080000000.0,0.00448469390000076
TW-05576,2026-10,0.007913915010474299,0.687938326462873,0.37963718146295,0.0,0.00816075492915648
TW-05038,2026-10,0.00425471654562078,0.518229027249853,0.381767658354265,4140000000.0,0.00430946497523934
TW-01604,2026-10,0.00218593688980602,0.536484822527973,0.408379048185684,115000000.0,0.0028045902547872
TW-05269,2026-10,0.005156789816927759,0.565501365169442,0.37963718146295,9560000000.0,0.00524458082932716
TW-03063,2026-10,0.0125814891570294,0.580705605225119,0.379783686697996,0.000123603748793,0.01279342274852388
TW-05650,2026-10,0.005047867276699381,0.677498795438728,0.38030036928266103,968000000.0,0.00497067130713756
TW-00290,2026-10,0.00139690350560892,0.505273301568607,0.385506337749366,0.0,0.00135134807770176
TW-00996,2026-10,0.00261676109531406,0.505969270303549,0.384354426359311,0.0,0.0035932527455807997
TW-04331,2026-10,0.00604987978594788,0.596177525563467,0.380511739430933,0.0001747091449286,0.00672022079627358
TW-04222,2026-10,0.0037744841775349796,0.565983189678248,0.387365053021475,0.0001146051242243,0.00408714168038922
TW-03199,2026-10,0.00308351850996954,0.585523850313186,0.388624327026525,0.000125131817116,0.00434569298464824
TW-05300,2026-10,0.005642636748942899,0.563520531077681,0.382230659631433,0.0001142655534858,0.0057014703150969
TW-02546,2026-10,0.00071342392328256,0.49809946999304,0.38704743861878,0.0,0.0006210286233127799
TW-05050,2026-10,0.0042805435396955395,0.43872798329675,0.386027493776323,3190000000.0,0.004644881350506659
TW-05051,2026-10,0.02026370982935466,0.494244873922587,0.38026122666261103,0.0001709738668057,0.020217734519727422
TW-06723,2026-10,0.0047476752586130405,0.553241608223138,0.38259189009647,5160000000.0,0.004748140035655379
TW-01017,2026-10,0.0047061274855362606,0.566304406017453,0.380387601407345,148000000.0,0.0047417485062573
TW-01395,2026-10,0.00388565254333506,0.569248889126827,0.38773746709224,713000000.0,0.0039381163699839
TW-00682,2026-10,0.004523841309965099,0.590502703570855,0.383494407078775,2330000000.0,0.004820616479646539
TW-05167,2026-10,0.003937306531484579,0.560950800364045,0.38105861775106603,7220000000.0,0.0040236634948511395
TW-04844,2026-10,0.00595330928636394,0.575244927458643,0.38494268402064,0.0001166425486549,0.00611914299261432
TW-03706,2026-10,0.029905039008742498,0.491300390813213,0.37963718146295,0.0003667363975178,0.03030959530520316
TW-01229,2026-10,0.0024180055322169597,0.555168906258365,0.39582992419752,0.0,0.0025449287921926796
TW-06599,2026-10,0.017216498832794518,0.695540446490711,0.37963718146295,0.0004545154334051,0.0171850640211783
TW-02714,2026-10,0.00401553612223278,0.521441190641897,0.381370640350897,0.0002672421711541,0.00482575993586568
TW-00434,2026-10,0.0038437304659963197,0.453985759408962,0.38180568261374304,3890000000.0,0.0045198414304683
TW-00109,2026-10,0.00198006954573186,0.49954494351946,0.383530194617107,0.0,0.0035254557028120796
TW-01266,2026-10,0.00101137011579726,0.540071738315756,0.397594697181508,0.0,0.0014832774394054201
TW-00313,2026-10,0.00731016223594392,0.530970608704963,0.382171386521071,968000000.0,0.00746928521016036
TW-01414,2026-10,0.010609280000798518,0.623373842282777,0.380146035523605,0.0,0.010674219752595299
TW-05343,2026-10,0.00753362188032996,0.545371807912629,0.37996038766850904,1000000000.0,0.007481426118877139
TW-02442,2026-10,0.00595667802472152,0.450452379677713,0.38162338984036503,0.0,0.005947278703362781
TW-05601,2026-10,0.00593758850736192,0.600192729803523,0.382424136010539,0.0001663896618367,0.0061137592748116195
TW-06112,2026-10,0.0157327567384125,0.63654371219016,0.383280800209357,5130000000.0,0.01580246296122264
TW-01553,2026-10,0.00351134828138196,0.563841747416885,0.383892543442717,2750000000.0,0.0038716520847501
TW-02954,2026-10,0.00491985521911146,0.594196691471706,0.380396548291928,2820000000.0,0.00524099514447516
TW-05852,2026-10,0.01010808659404332,0.58729054017881,0.37963718146295,4550000000.0,0.0101892539605686
TW-00674,2026-10,0.00229972538543976,0.549708228491889,0.385656198066131,2090000000.0,0.0024594109349217
TW-01651,2026-10,0.05382308134754526,0.518336099362921,0.37963718146295,0.0007592801711572,0.05520257187036702
TW-05983,2026-10,0.007081462331890619,0.490229669682531,0.37963718146295,0.0001505996224992,0.007268595202463459
TW-03361,2026-10,0.00462677498200218,0.564484180095294,0.385483970537909,0.0001054367142863,0.00473770268597538
TW-05200,2026-10,0.0065226260687946,0.609186787301247,0.379829539481483,5420000000.0,0.00644279348721018
TW-05401,2026-10,0.0036210194301341996,0.5745489587237,0.386999349114147,1340000000.0,0.0037189434896588397
TW-04637,2026-10,0.00792214970423724,0.671556293163446,0.37963718146295,1880000000.0,0.00793289287086978
TW-05984,2026-10,0.005057973491772119,0.560790192194443,0.381574181975159,747000000.0,0.00502362842449284
TW-01603,2026-10,0.03841709222981784,0.579313667755233,0.380236622730008,849000000.0,0.03886559603036981
TW-05373,2026-10,0.0049973362013357395,0.544997055516891,0.383741564765379,1360000000.0,0.00499358308435632
TW-04972,2026-10,0.00167426296371618,0.464960650998447,0.38416989686478803,0.0001037388605941,0.00216408521043078
TW-05932,2026-10,0.00608805882066708,0.523100808394454,0.382788721557295,1320000000.0,0.0061445413063266
TW-06481,2026-10,0.0039245801865781796,0.484340703463783,0.380917704318885,1630000000.0,0.00389450262014142
TW-05389,2026-10,0.00396687656817888,0.546977889608651,0.381214069870695,7110000000.0,0.0042561737063907595
TW-00960,2026-10,0.00288027129572904,0.568392312222282,0.381740817700516,8320000000.0,0.00319336612257588
TW-00835,2026-10,0.0064395305226410396,0.613737352106644,0.380188533225374,5890000000.0,0.0065993002885363795
TW-05375,2026-10,0.00495204538563942,0.557952781198137,0.3809624387418,4230000000.0,0.00596118361929702
TW-01920,2026-10,0.005222293062769561,0.539696985920017,0.387983506418271,662000000.0,0.005764259151034739
TW-04921,2026-10,0.00417162099946722,0.557524492745864,0.38477045649241903,4800000000.0,0.0044095844093284195
TW-00941,2026-10,0.005738832944264819,0.604315006156646,0.37963718146295,53500000.0,0.00590137313751168
TW-05505,2026-10,0.0043505384366808,0.630333529632207,0.380238859451153,1440000000.0,0.00538006271866866
TW-01408,2026-10,0.01101951747189912,0.519032068097864,0.38137958723548,3850000000.0,0.01305323890110876
TW-06626,2026-10,0.00358957787213016,0.474811285400717,0.386789097326447,2840000000.0,0.00542929288204788
TW-05789,2026-10,0.00334927453595628,0.569463033352963,0.382272038972629,0.0,0.00331964813723718
TW-00725,2026-10,0.01230150956908848,0.536913110980245,0.38012143159100203,486000000.0,0.012633862256500318
TW-04395,2026-10,0.004175364042086759,0.648053964344986,0.380891982025709,3340000000.0,0.0041629544693781
TW-04376,2026-10,0.00325120681932456,0.430751110873173,0.383930567702194,3340000000.0,0.00391499666854368
TW-06347,2026-10,0.00219679171340268,0.596712886128808,0.37963718146295,34000000.0,0.00247462235440614
TW-01942,2026-10,0.00634558015289082,0.495529739279405,0.383337836598573,1600000000.0,0.00655529032552104
TW-03475,2026-10,0.00601394657680038,0.557845709085069,0.386091240328977,2260000000.0,0.00628780500327354
TW-05211,2026-10,0.00967539086722554,0.572996413084212,0.388193758205971,747000000.0,0.01101443533979766
TW-02576,2026-10,0.00153951342941304,0.468172814390492,0.389797487267465,0.0,0.0021707303586372597
TW-05386,2026-10,0.0048412513241013,0.531827185609508,0.384849860093092,362000000.0,0.00497711364864672
TW-02292,2026-10,0.00540757367243634,0.589003693987901,0.37963718146295,0.0,0.0063862537996921195
TW-06191,2026-10,0.0037625064411524996,0.488837732212645,0.387271110733354,7960000000.0,0.00407953999690692
TW-04718,2026-10,0.009335148293110199,0.57835001873762,0.37963718146295,0.0001584097494833,0.00934667444414496
TW-03924,2026-10,0.0022016576688081,0.475667862305263,0.404037572441806,0.0001375261490691,0.00215638578111342
TW-06082,2026-10,0.0007617091730745,0.453022110391349,0.385481733816763,3570000000.0,0.00106906894391268
TW-05761,2026-10,0.00452159548439334,0.574709566893303,0.38211323177128204,0.0,0.0045683135563659
TW-06572,2026-10,0.012904139430832918,0.573049949140746,0.37963718146295,0.0004293871987604,0.0139306915596054
TW-04927,2026-10,0.00247939143117726,0.584078376786766,0.385086952534541,214000000.0,0.00267767588334804
TW-01803,2026-10,0.012663836094659039,0.704266823705766,0.37963718146295,9590000000.0,0.012588779503932541
TW-06230,2026-10,0.012627154276987618,0.620429359173403,0.37963718146295,0.0001188497584548,0.01286111250297828
TW-05776,2026-10,0.00586422487201908,0.599443225012046,0.380058803398921,0.0001115489875783,0.005832163519553939
TW-00992,2026-10,0.00572161494821496,0.494405482092189,0.38947316270133303,323000000.0,0.006944346717492119
TW-04410,2026-10,0.00555542385590778,0.551100165961775,0.38503998139048,3580000000.0,0.00648389581299462
TW-04025,2026-10,0.004469941496243819,0.520798757963488,0.380724227939778,1920000000.0,0.0047457024095155205
TW-04817,2026-10,0.01110785327772006,0.56587611756518,0.380926651203468,4820000000.0,0.011299418158573559
TW-05587,2026-10,0.005110376088445561,0.579206595642165,0.38140307280751,4070000000.0,0.00532514060679636
TW-06617,2026-10,0.0063721557554895,0.556721451897853,0.37963718146295,2820000000.0,0.00646023917956908
TW-03090,2026-10,0.00396275922129738,0.565983189678248,0.383503353963358,4820000000.0,0.006328735055299379
TW-00177,2026-10,0.0038916414115263,0.61106054927994,0.383852282462093,0.0,0.00404310244603404
TW-05642,2026-10,0.00597763906339092,0.572353980405803,0.38029701420094303,8120000000.0,0.0061106521215225605
TW-03849,2026-10,0.011480660322625319,0.678890732908614,0.37963718146295,0.0003287044748122,0.01209308840696406
TW-06575,2026-10,0.0060932990803344,0.600674554312329,0.37963718146295,3070000000.0,0.0062489452948854595
TW-02681,2026-10,0.0017843084167303799,0.581562182129664,0.380430099109114,238000000.0,0.0018042266748781199
TW-06059,2026-10,0.00759014182388484,0.629423416671128,0.38107986660195103,781000000.0,0.007566925183191659
TW-02127,2026-10,7.523515665252e-05,0.522083623320306,0.389982016761988,0.0,0.0
TW-06058,2026-10,0.005156789816927759,0.567214518978532,0.380714162694623,27200000.0,0.005083824150653699
TW-03955,2026-10,0.02148431602758372,0.480057818941057,0.37963718146295,0.0006951013015916,0.023554303947223798
TW-04910,2026-10,0.00677453283708906,0.541195995502971,0.386804754374467,0.0,0.007353190580140739
TW-03822,2026-10,0.01398288431378178,0.615718186198405,0.379638299823523,0.0003298929723968,0.014071818235355459
TW-06013,2026-10,0.00417012378241938,0.572246908292735,0.382758525821827,4010000000.0,0.00461903660674566
TW-03237,2026-10,0.00440668407597378,0.536913110980245,0.381378468874907,3090000000.0,0.0043663519618329
TW-01435,2026-10,0.02234297000450412,0.513624926387922,0.380087880773816,9980000000.0,0.0247218414987753
TW-01431,2026-10,0.0023745862378303797,0.429894533968628,0.383215935296131,0.0002040820138038,0.0025305784532426395
TW-04660,2026-10,0.00788209914820824,0.615932330424541,0.380729819742643,6320000000.0,0.00851567261677566
TW-04497,2026-10,0.00268001851558416,0.54997590877456,0.385633830854674,839000000.0,0.00267622365951336
TW-00408,2026-10,0.00587732552118744,0.529578671235077,0.381923110473894,1190000000.0,0.00610652292715062
TW-01105,2026-10,0.00165704496766632,0.499330799293324,0.38851137260866603,0.0,0.00181256878212486
TW-00519,2026-10,0.00215150089770636,0.539696985920017,0.38818592968196103,102000000.0,0.00250231423988328
TW-05264,2026-10,0.00376400365820028,0.495422667166336,0.38645135243344103,0.0001918574672199,0.0040367850926595
TW-02119,2026-10,2094000000.0,0.55024358905723,0.393089940793991,0.0,0.00021079021847736
TW-00703,2026-10,0.00375951200705688,0.538197976337063,0.382619849110792,0.0,0.00384445017132888
TW-05845,2026-10,0.0159506018188692,0.522190695433374,0.37963718146295,4910000000.0,0.01607592287877636
TW-00916,2026-10,0.00324184921277574,0.621607152417153,0.384852096814238,5040000000.0,0.0037812092113011
TW-02364,2026-10,0.00018602921819064,0.589324910327105,0.396092738932145,0.0,0.00023718023125829997
TW-05061,2026-10,0.00196360015820592,0.483216446276567,0.386195247862254,6570000000.0,0.0023643430025919597
TW-02080,2026-10,0.00535554538002486,0.549922372718026,0.384224696532859,0.0,0.00567119074434354
TW-02890,2026-10,0.0073853973925965,0.567964023770009,0.395694602568203,441000000.0,0.00831361995502002
TW-06186,2026-10,0.014144209450683539,0.613630279993576,0.382062905545503,7950000000.0,0.01540917469870116
TW-06432,2026-10,0.0083919015529884,0.494833770544462,0.37966066703498,3160000000.0,0.00916639843509204
TW-05930,2026-10,0.00604913117742396,0.554901225975695,0.384593755521905,968000000.0,0.00600277513472148
TW-01568,2026-10,0.0004379359864851,0.390277852133412,0.388199350008835,0.0001033992898557,0.0010924978044603599
TW-03814,2026-10,0.0014189874570641398,0.517640130627978,0.396731322819253,2210000000.0,0.0014667284256331798
TW-02946,2026-10,0.00123370684739736,0.553669896675411,0.38675107306697,0.0,0.00158643450781932
TW-05496,2026-10,0.0041809786060160396,0.594999732319717,0.37963718146295,3400000000.0,0.0043440488817337196
TW-02979,2026-10,0.00612661215964824,0.546281920873708,0.37963718146295,0.0,0.00648252636052764
TW-06280,2026-10,0.0015413849507228399,0.402323464853579,0.391731132697955,0.0,0.00177095008055514
TW-06052,2026-10,0.007897445622948359,0.592055249210343,0.37963718146295,272000000.0,0.00809610119552802
TW-04339,2026-10,0.01077434818031982,0.571497403501258,0.37972441358763404,968000000.0,0.010734333572163841
TW-04312,2026-10,0.0073326204916611,0.543819262273141,0.380272410268339,4300000000.0,0.00748962087736608
TW-05435,2026-10,0.0047420606946837,0.585791530595856,0.384994128606992,2950000000.0,0.00474274061712378
TW-01028,2026-10,0.0034106604349165796,0.541784892124846,0.384217986369421,4260000000.0,0.0036218742235236594
TW-06793,2026-10,0.0097390225917576,0.595802773167728,0.37963718146295,0.0001872732622509,0.010010121491682301
TW-06578,2026-10,0.00344584503554016,0.523850313185931,0.385450419720723,3260000000.0,0.00448464870705858
TW-05964,2026-10,0.022682838274357558,0.566732694469725,0.37963718146295,5250000000.0,0.02290883798166054
TW-01390,2026-10,0.01280083145453388,0.52358263290326,0.38402674671146103,0.0001332815148386,0.013485265788475979
TW-05478,2026-10,0.00863070767211444,0.62064350339954,0.384263839152909,4600000000.0,0.00901191906432408
TW-00363,2026-10,0.00159453615592014,0.524546281920874,0.38171509540734,0.0,0.00172282068277686
TW-02448,2026-10,0.00397585987046574,0.527919053482521,0.38037194435932503,323000000.0,0.00400667187326292
TW-00486,2026-10,0.02944913641768362,0.546656673269447,0.37963718146295,0.0,0.030095975286775618
TW-00449,2026-10,0.0031385412364766997,0.533647411531667,0.381624508200938,1170000000.0,0.0035544138554458797
TW-01169,2026-10,0.00322500552098784,0.531880721666042,0.385731128224513,2020000000.0,0.0032287304608676396
TW-04317,2026-10,0.004624529156430479,0.558434605706944,0.38205619538206603,492000000.0,0.0046957029141628795
TW-06548,2026-10,0.0089481176862507,0.536217142245302,0.380232149287716,0.0,0.00936696614257122
TW-02265,2026-10,6.026298617442e-05,0.560040687402966,0.39651212414697,0.0,0.0007247791336076999
TW-04730,2026-10,0.00358957787213016,0.58557738636972,0.383513419208514,0.0001113792022091,0.0037902895710145196
TW-02022,2026-10,0.0008698831047789599,0.501097489158949,0.403736733447704,0.0,0.0013082058289098
TW-00831,2026-10,0.00603490761546972,0.583061191712619,0.381840351791502,1140000000.0,0.00697463663560242
TW-02281,2026-10,0.00027586224105941997,0.541088923389903,0.396700008723212,0.0,0.00032971956755958
TW-01742,2026-10,0.0064017257921838,0.550725413566037,0.382794313360159,0.0,0.00705547196573088
TW-03620,2026-10,0.003986714694062399,0.607848385887895,0.385448182999577,3020000000.0,0.00428945794892292
TW-05631,2026-10,0.00483975410705346,0.555543658654103,0.388213888696282,9810000000.0,0.00519850645256304
TW-01768,2026-10,0.005722363556738879,0.550350661170298,0.39119096454126,0.0,0.00599039125029894
TW-03608,2026-10,0.0029012323343984396,0.571283259275122,0.387397485478088,2330000000.0,0.0028942069606721996
TW-02642,2026-10,0.0043681307369925594,0.605225119117726,0.384528890608679,3580000000.0,0.0044595615066216595
TW-05950,2026-10,0.0084491701050672,0.526527116012634,0.381973436699673,2210000000.0,0.008699080397141819
TW-06751,2026-10,0.01106705411316714,0.668825954280208,0.37963718146295,0.0,0.011187747177106439
TW-03854,2026-10,0.01200618350640744,0.609186787301247,0.37963718146295,1920000000.0,0.012146412151688461
TW-02217,2026-10,0.00014859879199535998,0.518764387815194,0.38909739354884904,0.0,0.00023114011142694
TW-03118,2026-10,0.00772227122835432,0.576797473098132,0.379855261774659,0.0001300555928234,0.00793056779656944
TW-04425,2026-10,0.0133622878474635,0.566786230526259,0.37963718146295,1820000000.0,0.0134266218850752
TW-05812,2026-10,0.007282838024821379,0.61277370308903,0.37963718146295,3670000000.0,0.00729060566275434
TW-05931,2026-10,0.00441978472514214,0.552492103431661,0.381678189508436,0.0001694457984827,0.00475255333310742
TW-06737,2026-10,0.00330847537140336,0.570051929974838,0.381073156438514,0.0001531464030375,0.0035868298184684997
TW-00659,2026-10,0.00251831907442038,0.566786230526259,0.389599537446067,7270000000.0,0.0025823172778907397
TW-02661,2026-10,0.0022439540504088,0.612880775202099,0.381252094130173,0.0001256411732236,0.0028664725776569996
TW-01773,2026-10,0.00818341407908052,0.554794153862626,0.381507080340787,6270000000.0,0.008473771833678959
TW-00280,2026-10,0.0036726734182837197,0.565661973339044,0.3830481812102,0.0,0.00394900174074984
TW-06283,2026-10,0.007518649709851799,0.598747256277103,0.381414256413239,7590000000.0,0.00761301331774758
TW-03950,2026-10,0.0015421335592467002,0.521976551207238,0.396886774938882,1990000000.0,0.0016957730999588398
TW-00533,2026-10,0.0011378849563374,0.498045933936506,0.382843521225365,0.0,0.00115174348677684
TW-01649,2026-10,0.00562279862305938,0.572246908292735,0.387228613031585,0.000125131817116,0.0061557527348862
TW-03638,2026-10,0.013856369473241639,0.427057122972322,0.37963718146295,0.0004652119116661,0.014535158691671098
TW-03277,2026-10,0.00530688582597096,0.677445259382194,0.382075207511804,7960000000.0,0.005433105168025619
TW-02268,2026-10,0.00017929174147548,0.605225119117726,0.381883967853844,0.0,0.0005437143781844999
TW-05846,2026-10,0.00391597118855322,0.549654692435355,0.381528329191671,9170000000.0,0.0041548609120825196
TW-04949,2026-10,0.0031209489361648797,0.513571390331388,0.384431593238839,4300000000.0,0.0031402968651789596
TW-00699,2026-10,0.0040866539320038595,0.616681835216018,0.386724232413221,0.0,0.00504594228620844
TW-05138,2026-10,0.00168287196174108,0.495101450827132,0.396377920878226,0.0,0.0019629563160730797
TW-03674,2026-10,0.00524437701422478,0.649071149419134,0.37963718146295,115000000.0,0.00555706811689158
TW-01008,2026-10,0.00198456119687526,0.4879811553081,0.385405685297808,4550000000.0,0.00221461357027446
TW-00736,2026-10,0.00515828703397554,0.588896621874833,0.380265700104902,3330000000.0,0.00535529174528772
TW-00131,2026-10,0.0028387235226522596,0.52331495262059,0.38367558149158,1240000000.0,0.0030808480879066197
TW-06746,2026-10,0.008049038849039339,0.640023555864875,0.37963718146295,0.0001134166266397,0.00824095819450926
TW-02704,2026-10,0.01043747434456206,0.547673858343594,0.382629914355947,0.0,0.01090687942803624
TW-04735,2026-10,0.00701670769457274,0.652925745489587,0.37963718146295,4670000000.0,0.006989534276356259
TW-03633,2026-10,0.0021675959809703397,0.568231704052679,0.383419476920393,4740000000.0,0.00220406079740088
TW-01209,2026-10,0.0008511678916813199,0.564002355586487,0.393172699476384,0.0,0.00141530255237634
TW-05508,2026-10,0.00483975410705346,0.582365222977675,0.379751254241383,642000000.0,0.00481613549385888
TW-00886,2026-10,0.00430038166557906,0.551581990470582,0.37963718146295,6060000000.0,0.00468650886080676
TW-02191,2026-10,0.00615992523896208,0.539804058033085,0.381938767521914,1580000000.0,0.006084739438603559
TW-04018,2026-10,0.0164203536676203,0.550618341452969,0.37963718146295,0.0006022287046276,0.016622599517304777
TW-01397,2026-10,0.00799289320974636,0.572461052518871,0.37963718146295,3070000000.0,0.00829242803654562
TW-01384,2026-10,0.00161924023720908,0.510733979335082,0.386258994414907,3820000000.0,0.00204185553368826
TW-06809,2026-10,0.0017169336495788399,0.500936880989346,0.38164128360953103,6010000000.0,0.00173253066268428
TW-02129,2026-10,0.0016720171381444198,0.525831147277692,0.38984222169038,0.0,0.001777041300756
TW-00735,2026-10,0.00359182369770186,0.612880775202099,0.381904098344155,362000000.0,0.0036689092423113
TW-03562,2026-10,0.00982623548479266,0.593072434284491,0.37963718146295,4020000000.0,0.01148197440837186
TW-01711,2026-10,0.010595430743106241,0.534771668718882,0.37963718146295,0.000214948277434,0.0106982640749781
TW-04472,2026-10,0.0119260823943495,0.6802826703785,0.37963718146295,4410000000.0,0.012252513597188699
TW-06452,2026-10,0.0022218700989535198,0.554365865410354,0.385204380394692,374000000.0,0.0027517772816537398
TW-06156,2026-10,0.00869209357107474,0.466887949033674,0.380370825998752,4520000000.0,0.00869726301343578
TW-06560,2026-10,0.02203791203101236,0.600888698538466,0.37963718146295,3570000000.0,0.02252088482982108
TW-01315,2026-10,0.003973614044894039,0.5937148669629,0.382028236367744,0.0,0.00394816168062384
TW-01724,2026-10,0.0034462193398021195,0.533968627870871,0.388596368012204,1340000000.0,0.0037428540189202797
TW-03071,2026-10,0.0007104294891869399,0.535146421114621,0.398668323331462,0.0001441477784688,0.0007259108664069
TW-03756,2026-10,0.01602209393290224,0.599443225012046,0.380106892903555,0.0001984790966195,0.0172483669455516
TW-01935,2026-10,0.00193403012151162,0.471866802291343,0.401576060820921,3890000000.0,0.00201396687996774
TW-03990,2026-10,0.00431610244458108,0.513517854274854,0.380927769564041,3260000000.0,0.00429221300756334
TW-05816,2026-10,0.01790746450035996,0.545425343969163,0.37981388243346303,543000000.0,0.018575363166492838
TW-01648,2026-10,0.0038643172004036996,0.541945500294448,0.38661463307708,0.0,0.00408704169212778
TW-00391,2026-10,0.0049774980754522195,0.523903849242465,0.382716028120058,0.0,0.0049721579535288605
TW-06072,2026-10,0.00454629956568228,0.585523850313186,0.380556473853848,1020000000.0,0.00471061721401158
TW-00559,2026-10,0.0017494981203687598,0.511376412013491,0.383392636266644,0.0,0.0018420978400664999
TW-06088,2026-10,0.005728726729192079,0.524599817977408,0.38183587834921,4570000000.0,0.0065034148700901
TW-02628,2026-10,0.00402863677140114,0.53172011349644,0.44732371841470203,0.0,0.0040032589376088
TW-05999,2026-10,0.011385212735827259,0.464960650998447,0.382454331746007,0.0001076439240862,0.01342558182970812
TW-00217,2026-10,0.003399057002796,0.583435944108357,0.381337089533711,1320000000.0,0.0033891100188139798
TW-02947,2026-10,0.00462003750528702,0.587986508913753,0.379870918822679,0.0001285275245004,0.00483582261314406
TW-06197,2026-10,0.00436438769437308,0.547727394400128,0.382138954064458,985000000.0,0.0043543219952004
TW-01227,2026-10,0.0031127142424018798,0.527008940521441,0.386494968495783,0.0,0.00355160789110404
TW-06351,2026-10,0.00427118593314672,0.600299801916591,0.383508945766222,2190000000.0,0.00472105642426914
TW-05163,2026-10,0.00866813809830978,0.77354248086086,0.37963718146295,4790000000.0,0.0089843808580608
TW-01022,2026-10,0.0045388134804432,0.611595909845281,0.381181637414082,0.0,0.00457164711236904
TW-03347,2026-10,0.006005337578775479,0.680389742491568,0.38064706106025104,6940000000.0,0.00611359221216768
TW-04969,2026-10,0.00674683432170456,0.627335510466299,0.37963718146295,9440000000.0,0.00713692108804146
TW-00282,2026-10,0.00109259414064108,0.537662615771722,0.398865154792287,84900000.0,0.00115936767313986
TW-04122,2026-10,0.00324521795113332,0.59660581401574,0.384081546379531,1360000000.0,0.00319325318514384
TW-05918,2026-10,0.0033844591365798597,0.543605118047005,0.38910857715457803,5250000000.0,0.004059090980471279
TW-06518,2026-10,0.0094347132267897,0.565394293056373,0.382261973727473,0.0006360159931026,0.010892458832629438
TW-06629,2026-10,0.02220298021053366,0.553723432731945,0.37963718146295,3430000000.0,0.02304650914560246
TW-02668,2026-10,0.0017809396783727998,0.544140478612345,0.38620531310741,156000000.0,0.0018313175900607599
TW-01226,2026-10,0.00099789516236694,0.475400182022592,0.382187043569091,34000000.0,0.0010946811978387
TW-00133,2026-10,0.00431947118293866,0.573638845762621,0.38594809017565,985000000.0,0.005054918824196761
TW-05495,2026-10,0.00462415485216852,0.629209272444992,0.38125880429361003,1530000000.0,0.004656142224757139
TW-02336,2026-10,5352000000.0,0.563466995021147,0.400901689395481,0.0,0.00029059646203608
TW-03311,2026-10,0.0057571738531005,0.592269393436479,0.384971761395535,4060000000.0,0.00577702082254812
TW-02473,2026-10,0.00341290626048828,0.658439959312597,0.381528329191671,0.0,0.0034267910269863
TW-03340,2026-10,0.010049320824916679,0.538786872958938,0.37963718146295,0.0003923739882702,0.01081290030045168
TW-05420,2026-10,0.00209872399677096,0.582365222977675,0.383682291655017,2020000000.0,0.00242222292739134
TW-00252,2026-10,0.0034772865935442,0.549547620322287,0.38423699849916,323000000.0,0.0035304267168098998
TW-00262,2026-10,0.00175473838003608,0.549119331870014,0.384514351921232,2670000000.0,0.00184785281609232
TW-05001,2026-10,0.007569929393739359,0.665774399057765,0.37963718146295,5090000000.0,0.007794969997364099
TW-05219,2026-10,0.02723138366561154,0.560897264307511,0.380791329574151,0.0002332850973099,0.030443986042551777
TW-06110,2026-10,0.00911580599560566,0.598158359655228,0.380757778756965,2090000000.0,0.00907090270469442
TW-04250,2026-10,0.008032943765775359,0.550778949622571,0.3807521869541,6890000000.0,0.00877963476134112
TW-03471,2026-10,0.01007664503603928,0.644145832217999,0.38165917737869703,560000000.0,0.01026373577024046
TW-05970,2026-10,0.01502195294496354,0.556989132180524,0.38372255263564004,205000000.0,0.01528108216238346
TW-04247,2026-10,0.00362139373439616,0.481824508806681,0.39121445011329004,4040000000.0,0.00405621384248658
TW-06233,2026-10,0.0087388816038189,0.523529096846726,0.386680616350879,221000000.0,0.008765148757461299
TW-03485,2026-10,0.012033882021792,0.583221799882221,0.37963718146295,0.0002898236252605,0.013364925275548261
TW-03926,2026-10,0.00507219705372636,0.504684404946732,0.382845757946511,3550000000.0,0.00619013901584898
TW-03565,2026-10,0.0051508009487365196,0.698966754108892,0.387958902485668,1630000000.0,0.00508177413111162
TW-06372,2026-10,0.00118205285924784,0.530488784196156,0.387505966453656,475000000.0,0.0012276108277499398
TW-05735,2026-10,0.00351134828138196,0.580009636490176,0.38037529944104304,3510000000.0,0.0036206542985995197
TW-06612,2026-10,0.022774168514274117,0.568124631939611,0.37963718146295,0.0,0.02289555333436542
TW-06194,2026-10,0.02212924227092892,0.55982654317683,0.37963718146295,951000000.0,0.02908548901566714
TW-04565,2026-10,0.00528891922139718,0.647625675892714,0.382448739943143,6230000000.0,0.0061193320302889796
TW-03412,2026-10,0.00846451657980726,0.591734032871139,0.38533634694229,4040000000.0,0.00904221808316682
TW-06589,2026-10,0.0014436915383530798,0.55602548316291,0.38478275845872,323000000.0,0.00154257451034994
TW-04911,2026-10,0.0034892643299267397,0.551742598640184,0.38560363511920603,2190000000.0,0.00353211954664092
TW-00442,2026-10,0.0017854313295162598,0.49954494351946,0.385244641375315,1210000000.0,0.00172985028545568
TW-00373,2026-10,0.00130856769978798,0.467102093259811,0.38392273917818404,0.0,0.0012653369390176199
TW-04971,2026-10,0.0057710231107927805,0.513303710048718,0.380378654522762,8780000000.0,0.00654852529172976
TW-04526,2026-10,0.0061247406383385,0.5985866481075,0.380535225002964,4720000000.0,0.00654334877937414
TW-05325,2026-10,0.00890282687055438,0.567910487713475,0.38302469563817,1390000000.0,0.00889361410934676
TW-05288,2026-10,0.0872098986009756,0.536431286471438,0.37963718146295,0.0,0.0890866709709576
TW-03612,2026-10,0.0064803296871939,0.387172760854435,0.381952187848789,0.0002618090393391,0.006996995671542119
TW-00330,2026-10,0.007124133017753279,0.621714224530221,0.385749021993679,3070000000.0,0.0071610196479447
TW-02350,2026-10,0.00186366092026446,0.521280582472295,0.384167660143642,170000000.0,0.0024075194905033197
TW-04611,2026-10,0.0029147072878287,0.552385031318593,0.38408042801895803,165000000.0,0.0028835590999315196
TW-02905,2026-10,0.00500070493969332,0.625086996091868,0.381680426229582,0.0,0.0053097594330074995
TW-03458,2026-10,0.0026837615582036398,0.583435944108357,0.385813886906905,2070000000.0,0.00268281843361188
TW-03220,2026-10,0.03683490811454208,0.554901225975695,0.37963718146295,0.0003185173526589,0.0383360548057515
TW-00597,2026-10,0.00714060240527916,0.55168906258365,0.380966912184091,9390000000.0,0.00749262718510536
TW-00894,2026-10,0.00295513214811966,0.551742598640184,0.393018365717328,6280000000.0,0.0031624576990700397
TW-05534,2026-10,0.00618912097139442,0.519513892606671,0.38288825564828,2920000000.0,0.00624425513076468
TW-02646,2026-10,0.0013534842112223398,0.507628888056106,0.395038124911929,0.0,0.0016406715677635198
TW-02401,2026-10,0.00013325231725529998,0.549279940039617,0.390278382313799,0.0,0.00017896886534424
TW-06074,2026-10,0.00713685936265968,0.548048610739333,0.382860296633958,700000000.0,0.00724448491380876
TW-04618,2026-10,0.04241765618157251,0.767492906472509,0.37963718146295,9610000000.0,0.04385815899786228
TW-02162,2026-10,0.00218181954292458,0.506290486642754,0.383219290377849,0.0,0.0036338747803024195
TW-01107,2026-10,0.00397922860882332,0.551474918357514,0.38276747270641,696000000.0,0.00422164403367318
TW-03761,2026-10,0.0075703036980013195,0.580598533112051,0.382051721939774,2380000000.0,0.00790295812840482
TW-03036,2026-10,0.008145235044361319,0.566732694469725,0.38159878590776203,3840000000.0,0.00837134892595854
TW-00523,2026-10,0.0010910969235932398,0.548583971304674,0.401385939523534,340000000.0,0.0015095839508133
TW-02102,2026-10,0.00490114000601382,0.534236308153541,0.380255634859746,0.0,0.00504530833090626
TW-04092,2026-10,0.00428653240788684,0.645644841800953,0.380379772883335,946000000.0,0.00514255193727648
TW-00498,2026-10,0.00338483344084182,0.531398897157235,0.382461041909444,543000000.0,0.0038526899206047
TW-05520,2026-10,0.0030752838162066,0.525831147277692,0.389249490586759,1100000000.0,0.00326224926345486
TW-00709,2026-10,0.00469489835767764,0.588147117083356,0.37989999619757403,2090000000.0,0.00476404151228364
TW-02748,2026-10,0.007808735512865459,0.601316986990738,0.38101723840987,0.0,0.00775489463177508
TW-03941,2026-10,0.02894457427257084,0.577065153380802,0.37963718146295,1820000000.0,0.030741155288681276
TW-02842,2026-10,0.00902597297273694,0.536698966754109,0.380741003348372,7130000000.0,0.0102173098940628
TW-02213,2026-10,0.0009941521197473998,0.535414101397291,0.387596553660059,0.0,0.00147220803243696
TW-02083,2026-10,0.00129808718045328,0.531345361100701,0.39203309005263,0.0,0.0013689189603505799
TW-02694,2026-10,0.0029420314989513,0.674179559933615,0.380477070253175,0.0,0.00338964361523664
TW-06668,2026-10,0.01225210140651066,0.657904598747256,0.37963718146295,153000000.0,0.012491808470302559
TW-04021,2026-10,0.02415797137071468,0.513303710048718,0.37963718146295,0.0007275303071128,0.02465623616770146
TW-04548,2026-10,0.00590764416640566,0.555918411049842,0.387509321535375,8740000000.0,0.00643088850496866
TW-06006,2026-10,0.00437524251796968,0.52042400556775,0.38212777045872903,0.000128187953762,0.00453090027669372
TW-06032,2026-10,0.00734759266213926,0.485625568820601,0.385104846303707,9290000000.0,0.00757218392783424
TW-03161,2026-10,0.0152824687112829,0.528722094330532,0.38015721912933403,0.0001329419441002,0.0153852013403187
TW-05259,2026-10,0.008190525860057639,0.611542373788747,0.382200463895966,9150000000.0,0.008117395224894599
TW-06321,2026-10,0.0046129257243099,0.523903849242465,0.39269851459348704,391000000.0,0.004737198884998979
TW-04509,2026-10,0.0057448218124560605,0.591038064136196,0.385345293826873,5500000000.0,0.00586796982175956
TW-06151,2026-10,0.0038280096869943,0.562878098399272,0.384674277483152,2870000000.0,0.00390628228855362
TW-05623,2026-10,0.00960726749155008,0.55891643021575,0.386031967218615,4670000000.0,0.010423594467548638
TW-03065,2026-10,0.01746428825420748,0.660742009743562,0.37963718146295,683000000.0,0.0176912714019873
TW-02753,2026-10,0.00468142340424732,0.644252904331067,0.37963718146295,4480000000.0,0.00482753296894332
TW-03027,2026-10,0.01802087869173174,0.531505969270304,0.37963718146295,0.0,0.018582484135883637
TW-05876,2026-10,0.00300790904905506,0.577546977889609,0.383895898524435,917000000.0,0.0029737075528924795
TW-01956,2026-10,0.0072547652051748596,0.528186733765191,0.37963718146295,5640000000.0,0.008785365160522559
TW-04483,2026-10,0.007549342659331979,0.674393704159752,0.379980518158821,0.0001137561973782,0.00813703699774926
TW-00142,2026-10,0.00237046889094894,0.513303710048718,0.393786679430889,543000000.0,0.002882875429398
TW-04786,2026-10,0.00379057926079896,0.662562235665721,0.386144921636475,2700000000.0,0.00375877264880076
TW-03616,2026-10,0.01853330122634556,0.545050591573425,0.38422357817228603,3280000000.0,0.02033664227562786
TW-05477,2026-10,0.00207027687286254,0.543551581990471,0.387079871075393,8250000000.0,0.00267770394175608
TW-06605,2026-10,0.021010072527689157,0.572032764066599,0.37963718146295,5400000000.0,0.021203368348865822
TW-01602,2026-10,0.0023225579454189,0.553937576958081,0.388702612266626,7100000000.0,0.00243425387859504
TW-04167,2026-10,0.00492022952337342,0.49494084265753,0.386006244925439,7100000000.0,0.00678573627680022
TW-04997,2026-10,0.00404772628876074,0.586808715670004,0.381920873752748,6270000000.0,0.005250611949503639
TW-05536,2026-10,0.01499986899350832,0.561914449381659,0.37963718146295,4550000000.0,0.015473349908253959
TW-03016,2026-10,0.0034634373358519797,0.454735264200439,0.387908576259889,0.0038885943112732,0.00420990024782808
TW-05893,2026-10,0.0040997545811722194,0.550350661170298,0.381920873752748,3910000000.0,0.00413372566447944
TW-04768,2026-10,0.00898741963375578,0.616521227046416,0.380699624007175,5820000000.0,0.00930445910738904
TW-03525,2026-10,0.00905030274976386,0.599122008672841,0.37963718146295,0.0002731846590769,0.00937423827172176
TW-04237,2026-10,0.004104994840839539,0.545104127629959,0.388834578814225,2330000000.0,0.00448581794341104
TW-04468,2026-10,0.009941146893212219,0.617163659724825,0.37963718146295,0.0001955927453428,0.01036260669314748
TW-06123,2026-10,0.00342488399687076,0.557952781198137,0.38297884285468203,4010000000.0,0.00367647897776772
TW-00842,2026-10,0.0024400894836721803,0.493655977300712,0.387246506800751,5250000000.0,0.00298923819432636
TW-03886,2026-10,0.00136059599219946,0.527169548691043,0.391119389464596,0.0,0.0017838724318458
TW-01709,2026-10,0.0053297183859501,0.543444509877402,0.38126215937532903,0.0,0.0061587778093765795
TW-01036,2026-10,0.010936047621483539,0.550778949622571,0.37963718146295,4450000000.0,0.01087163957249082
TW-04849,2026-10,0.012835267446633538,0.689919160554634,0.37963718146295,2510000000.0,0.0129500157616017
TW-06278,2026-10,0.00196434876672984,0.507147063547299,0.38337586085805103,679000000.0,0.0019675940845329
TW-04298,2026-10,0.008710060175648519,0.536110070132234,0.388562817195018,1430000000.0,0.0087444184119657
TW-02900,2026-10,0.00409077127888536,0.525831147277692,0.382988908099838,2260000000.0,0.00408540406941396
TW-01172,2026-10,0.01718206284069486,0.556507307671717,0.37963718146295,475000000.0,0.0175970926198308
TW-05558,2026-10,0.01122426190318746,0.548744579474276,0.380815933506754,2990000000.0,0.01163788715386386
TW-00369,2026-10,0.00275675088928452,0.558862894159216,0.383416121838674,1290000000.0,0.00290245738674318
TW-04173,2026-10,0.00511673926089876,0.554687081749558,0.383314351026543,1430000000.0,0.005093398278450539
TW-06754,2026-10,0.014216075868978538,0.58846833342256,0.379819474236327,3990000000.0,0.01482076733086992
TW-02920,2026-10,0.01675273585223466,0.634562878098399,0.379737833914508,0.0,0.01679274726465636
TW-04684,2026-10,0.004891782399464939,0.566839766582794,0.391917898913625,2040000000.0,0.00483382646424792
TW-00852,2026-10,0.0018479401412623798,0.521923015150704,0.390753685557268,3280000000.0,0.00191667155178762
TW-02056,2026-10,0.0009541015637184,0.49258525617003,0.38288825564828,0.0,0.0015609824806929599
TW-00806,2026-10,0.00263360478710196,0.552438567375127,0.385141752202611,2070000000.0,0.0025853476495989003
TW-01310,2026-10,0.00275525367223668,0.578457090850688,0.38509589941912403,0.0,0.0038809369582501196
TW-03236,2026-10,0.0027960528367895997,0.579420739868301,0.384679869286016,5570000000.0,0.00401974945736838
TW-03464,2026-10,0.01487073402313452,0.626050645109481,0.386102423934706,0.0001431290662534,0.015531963791591519
TW-06507,2026-10,0.00801909450808308,0.524653354033942,0.381010528246433,419000000.0,0.00801714821957532
TW-01870,2026-10,0.0023689716739011,0.307350500562129,0.280742792725288,968000000.0,0.00255700604819274
TW-03864,2026-10,0.01004482917377322,0.572514588575406,0.384127399163019,3740000000.0,0.010113022287063478
TW-05945,2026-10,0.003119826023379,0.603511965308635,0.382566167803294,2480000000.0,0.00320045818375764
TW-00988,2026-10,0.0024831344737967997,0.570587290540179,0.388560580473872,2430000000.0,0.00259690843622322
TW-05593,2026-10,0.004210174338448379,0.580384388885915,0.382269802251484,0.0,0.00422590453540494
TW-02906,2026-10,0.014400233565859441,0.55575780288024,0.37963718146295,0.0,0.01582383850035816
TW-04619,2026-10,0.01035363018988458,0.60843728250977,0.37963718146295,0.0001865941207741,0.0106997175641553
TW-06739,2026-10,0.0024415867007200197,0.534289844210076,0.38251807829866,0.0001466945590071,0.0023847969343964402
TW-00570,2026-10,0.00169522400238552,0.536645430697575,0.387257690406479,50900000.0,0.00223969034848218
TW-03722,2026-10,0.02127545424941388,0.644574120670271,0.37963718146295,0.0001273390269159,0.02148547054809342
TW-01847,2026-10,0.00756394052554812,0.567749879543873,0.382011460959151,0.0005412757570772,0.00867124985558508
TW-05696,2026-10,0.00236747445685332,0.525135178542748,0.398256766640646,1680000000.0,0.00257292414273606
TW-03545,2026-10,0.037629556062668525,0.640451844317148,0.379657311953261,0.0,0.0386300101867947
TW-00759,2026-10,0.00969747481868076,0.703463782857755,0.37974230735680004,5480000000.0,0.00983993273300844
TW-01784,2026-10,0.00341103473917854,0.549708228491889,0.388280990330654,2610000000.0,0.0045285126615309
TW-01741,2026-10,0.00388228380497748,0.501472241554687,0.38572218133993,5400000000.0,0.00394100332373196
TW-00948,2026-10,0.00283385756724684,0.51753305851491,0.389318828942277,0.0001088324216707,0.00297008607157656
TW-01917,2026-10,0.00069508301444688,0.546710209325981,0.40189143850247,0.0001346397977924,0.00073834814603604
TW-05663,2026-10,0.00494530790892426,0.625354676374538,0.38160214098948103,1320000000.0,0.00532669138508736
TW-01575,2026-10,0.0045597745191126,0.576958081267734,0.388886023400577,3010000000.0,0.004548713423761079
TW-00153,2026-10,0.005102141394682619,0.571765083783928,0.382029354728317,815000000.0,0.005021782634222459
TW-05329,2026-10,0.0051605328595472994,0.573317629423417,0.383146596940613,2000000000.0,0.00582367401488238
TW-06729,2026-10,0.0017465036862731398,0.587183468065742,0.386587792423331,1050000000.0,0.0025377127162167
TW-03126,2026-10,0.00110307465997572,0.543069757481664,0.396276150066095,0.0002339642387868,0.00103550590674918
TW-02864,2026-10,0.00424535893907196,0.539536377750415,0.385416868903537,1530000000.0,0.004314313887431099
TW-04940,2026-10,0.0045597745191126,0.525349322768885,0.38769944283276303,3650000000.0,0.00472255463469276
TW-02208,2026-10,0.00107911918721076,0.536002998019166,0.387687140866461,0.0,0.0015477910307385
TW-04687,2026-10,0.004944559300400339,0.494833770544462,0.384883410910278,6450000000.0,0.0052679803998168006
TW-05320,2026-10,0.0061041539039310595,0.580759141281653,0.381830286546346,8170000000.0,0.006041421516849
TW-01039,2026-10,0.0035427898393859997,0.564644788264896,0.388490123757781,5500000000.0,0.00377579599754154
TW-00865,2026-10,0.00416301200144232,0.683762514053215,0.380376417801616,5960000000.0,0.00440608790865978
TW-00076,2026-10,0.00221176388388078,0.558862894159216,0.39418257907368404,0.0,0.00218762492321598
TW-01965,2026-10,0.005163527293642919,0.511376412013491,0.382758525821827,4940000000.0,0.00576900551058756
TW-01060,2026-10,0.0049408162577808,0.483484126559238,0.380364115835315,0.0002062892236037,0.00541094269443036
TW-03539,2026-10,0.00973677676618584,0.579367203811767,0.37963718146295,0.0002918610496912,0.01018218365728776
TW-01907,2026-10,0.00533982460102284,0.601959419669147,0.381502606898495,4920000000.0,0.00540503161707066
TW-01123,2026-10,0.00260066601205008,0.528079661652123,0.38486328041996704,391000000.0,0.00263519438666742
TW-02521,2026-10,0.00143807697442374,0.534396916323144,0.39235182281589803,0.0,0.00222151549690182
TW-00143,2026-10,0.01105994233219002,0.540660634937631,0.38245656846715304,0.0,0.01141442496093198
TW-03774,2026-10,0.01378263153363684,0.549012259756946,0.37963718146295,0.0002838811373378,0.014373062427105659
TW-03709,2026-10,0.021037771043073656,0.559773007120296,0.37963718146295,0.0001971208136658,0.0227486244156837
TW-02133,2026-10,0.00042670685862648,0.563841747416885,0.396984072308721,0.0,0.0003879872299833
TW-05929,2026-10,0.00863033336785248,0.593125970341025,0.38345750117987,1510000000.0,0.008684325728857679
TW-04071,2026-10,0.00112441000290708,0.418705498153006,0.39353169322027504,2070000000.0,0.0013122212884592998
TW-03759,2026-10,0.00346792898699538,0.544622303121152,0.388193758205971,2700000000.0,0.00357425309285664
TW-06747,2026-10,0.0048813018801303,0.583917768617164,0.382260855366901,379000000.0,0.00503433276892404
TW-01615,2026-10,0.00312132324042684,0.533647411531667,0.393987984334005,0.0001854056231895,0.00340511800508424
TW-00798,2026-10,0.00196322585394396,0.558059853311205,0.38256840452444,4740000000.0,0.0027749978922851997
TW-04367,2026-10,0.0080220889421787,0.68199582418759,0.37963718146295,6520000000.0,0.008447346155460599
TW-03228,2026-10,0.00387854076235794,0.603297821082499,0.380508384349215,0.0002609601124929,0.0049390644295554
TW-05380,2026-10,0.00280091879219496,0.620054606777665,0.387405314002098,576000000.0,0.00331917608213136
TW-04201,2026-10,0.00840387928937088,0.702071845387869,0.37963718146295,4160000000.0,0.00862106091075996
TW-01810,2026-10,0.0014934740051928,0.633331548798116,0.387659181852139,102000000.0,0.001962990090984
TW-01971,2026-10,0.0018168728875202998,0.531077680818031,0.380714162694623,0.0001288670952388,0.00369079308973788
TW-04148,2026-10,0.00485996653719894,0.543819262273141,0.381601022628908,0.0001115489875783,0.0049268179021774204
TW-02485,2026-10,0.00193440442577358,0.552599175544729,0.388527029656686,0.0,0.0021696748159274397
TW-06714,2026-10,0.0042090514256625,0.604047325873976,0.379875392264971,419000000.0,0.00424200406808076
TW-04391,2026-10,0.0044246506805475,0.548369827078537,0.381074274799087,5420000000.0,0.00458217940017144
TW-01199,2026-10,0.00223197631402626,0.535574709566893,0.408919216342379,0.0,0.002566426298364
TW-04913,2026-10,0.00783942846234564,0.545104127629959,0.387056385503363,2440000000.0,0.00788818373500368
TW-01122,2026-10,0.0055498092919785,0.527062476577975,0.381174927250645,0.0,0.00555290695577562
TW-00009,2026-10,0.00450999205227282,0.542962685368596,0.384508760118367,0.0,0.00456280957861668
TW-04068,2026-10,0.004158894654560819,0.605332191230794,0.38118722921694603,79800000.0,0.004354804772024819
TW-04213,2026-10,0.00554045168542968,0.621553616360619,0.38154845968198303,0.0001387146466537,0.005520628334823119
TW-01807,2026-10,0.01947879379203906,0.389153594946196,0.380006240451997,0.001507524293315,0.0195066323382516
TW-00186,2026-10,0.00059589238502928,0.511215803843889,0.399358351804922,0.0,0.0005879959218816599
TW-00011,2026-10,0.00307378659915876,0.498956046897585,0.383113046123427,1210000000.0,0.00324940542703968
TW-03852,2026-10,0.00270883994375454,0.448685689812088,0.383516774290233,0.0003091791573518,0.0028961238160205996
TW-06562,2026-10,0.009041319447476999,0.595856309224263,0.37963718146295,0.000471324184958,0.010245613318064698
TW-03035,2026-10,0.00376662378803394,0.573157021253815,0.38560028003748703,2650000000.0,0.0037247428500055794
TW-02243,2026-10,0.005147057906116979,0.525617003051555,0.37963718146295,0.0,0.0057035034958506
TW-01103,2026-10,0.0012692657522829001,0.450184699395043,0.396018927134335,0.0001084928509323,0.0018557761136952
TW-04901,2026-10,0.00358022026558134,0.600781626425398,0.380120313230429,696000000.0,0.00360644711555646
TW-00149,2026-10,0.00829345953209472,0.532469618287917,0.38036635255646,0.0,0.008300476891312799
TW-00812,2026-10,0.0028578130400118596,0.606831200813748,0.383907082130164,272000000.0,0.00282512983680078
TW-02175,2026-10,0.00036419804688036004,0.50505915734247,0.38424147194145203,0.0,0.00038283600950286
TW-04301,2026-10,0.00309961359323358,0.458643396327426,0.392689567708904,4480000000.0,0.0030173546583608397
TW-03389,2026-10,0.0065226260687946,0.550564805396434,0.38024333289344503,0.0004030704665311,0.00688678926784518
TW-04271,2026-10,0.00540083619572118,0.567964023770009,0.380191888307093,9640000000.0,0.005574437903676
TW-05086,2026-10,0.005097275439277201,0.517747202741046,0.385054520077927,0.0003253087674278,0.00528147476078226
TW-00860,2026-10,0.00776456760995502,0.610311044488463,0.37963718146295,3360000000.0,0.00777152600137362
TW-06342,2026-10,0.0037314391874103603,0.562449809946999,0.385868686574976,0.0,0.004255349174787359
TW-04028,2026-10,0.030360941599801378,0.440815889501579,0.37963718146295,0.0008212518309229,0.03095209141836762
TW-06205,2026-10,0.00668469981422034,0.550725413566037,0.37963718146295,0.000136677222223,0.00680754587707452
TW-04802,2026-10,0.00677865018397056,0.561593233042454,0.386110252458716,968000000.0,0.006761272066611841
TW-01545,2026-10,0.0035746057016519998,0.501151025215483,0.385620410527799,0.0001307347343003,0.00399945136484466
TW-05781,2026-10,0.007253267988127079,0.504416724664061,0.37963718146295,0.0001186799730856,0.00759968764041222
TW-02432,2026-10,0.0001695598306647,0.543551581990471,0.391684161553895,0.0,0.00030096917442815996
TW-04372,2026-10,0.00384635059582998,0.538786872958938,0.381649112133541,1700000000.0,0.0038595588397626
TW-06105,2026-10,0.00264258808938882,0.472027410460945,0.392649306728281,713000000.0,0.0030993410570694
TW-04612,2026-10,0.002872410906228,0.51346431821832,0.38739524875694203,0.0001431290662534,0.00288725831370702
TW-03327,2026-10,0.01393834210660932,0.697253600299802,0.37963718146295,0.0002278519654948,0.014019144996463201
TW-00505,2026-10,0.01126356385069254,0.542962685368596,0.37963718146295,1040000000.0,0.011790699653039818
TW-01280,2026-10,0.00315501062400258,0.558273997537341,0.386371948832767,0.0,0.00321148593550182
TW-00348,2026-10,0.00142085897837394,0.534022163927405,0.384028983432606,289000000.0,0.00157885559301444
TW-03037,2026-10,0.00366294150747294,0.571497403501258,0.383365795612895,3550000000.0,0.004033330153624799
TW-02036,2026-10,0.00467805466588974,0.572461052518871,0.385430289230411,0.0004677586922044,0.005632281908472
TW-03969,2026-10,0.0019141919956281,0.394132448203865,0.400448753363469,0.0001674083740521,0.00221637195832308
TW-01683,2026-10,0.0038474735086158596,0.554044649071149,0.385640541018111,2500000000.0,0.00395335353057756
TW-04941,2026-10,0.00543826662191646,0.601905883612613,0.38424147194145203,2290000000.0,0.007066635715586699
TW-01339,2026-10,0.00353492944988502,0.553081000053536,0.390294039361819,458000000.0,0.0034866730380580797
TW-05166,2026-10,0.00573284407607358,0.615664650141871,0.38135610166345,0.0,0.0057959296513847396
TW-04102,2026-10,0.010325931674500018,0.599710905294716,0.37963718146295,3190000000.0,0.01032305452421358
TW-06786,2026-10,0.00540233341276896,0.544889983403823,0.381268869538766,0.0001264901000697,0.006096594597048899
TW-02970,2026-10,0.00058952921257608,0.526848332351839,0.391998420874871,0.0,0.00063300242071854
TW-03068,2026-10,0.00324783808096698,0.548316291022003,0.38678015044186403,0.0001348095831616,0.00345951479392704
TW-00872,2026-10,0.0029266850242112403,0.538251512393597,0.383116401205145,3170000000.0,0.0031398270375250802
TW-02331,2026-10,0.00025939285353348,0.542909149312062,0.391858625803263,0.0,0.00045686149100321994
TW-05801,2026-10,0.00589828655985684,0.66609561539697,0.37963718146295,0.0001011920800558,0.00604779255368862
TW-00702,2026-10,0.00177307928887176,0.56127201670325,0.386321622606988,5600000000.0,0.00227528642414196
TW-05159,2026-10,0.0023349099860634,0.50099041704588,0.385790401334875,7790000000.0,0.0025656672950293198
TW-00558,2026-10,0.00127862335883172,0.494084265752985,0.38505675679907303,7760000000.0,0.0014087532407603398
TW-04351,2026-10,0.014009459916380399,0.654103538733337,0.379793751943152,0.0001015316507942,0.014518945820996219
TW-05605,2026-10,0.00424386172202418,0.653193425772258,0.381932057358477,0.0001045877874402,0.00428286512150508
TW-03544,2026-10,0.0032890115497817996,0.613737352106644,0.383997669336566,3580000000.0,0.0035101910977635596
TW-06094,2026-10,0.0135206185502697,0.642111462069704,0.38015721912933403,8740000000.0,0.01359577597170294
TW-06117,2026-10,0.00728059219924962,0.535895925906098,0.380292540758651,50900000.0,0.0073649972924408405
TW-01774,2026-10,0.0145443407067114,0.468815247068901,0.37963718146295,0.0,0.020967023981139
TW-03648,2026-10,0.00692612606318004,0.633545693024252,0.383718079193349,4580000000.0,0.0074245762539879
TW-02544,2026-10,0.0012733830991644,0.507039991434231,0.388248557874041,0.0,0.00169863814980492
TW-04323,2026-10,0.00583877218220628,0.629958777236469,0.381526092470526,9270000000.0,0.00595612864720488
TW-04161,2026-10,0.0065098997238882,0.547995074682799,0.381864955724105,6060000000.0,0.0068528917497500995
TW-03622,2026-10,0.01720639261772184,0.728839873654907,0.37963718146295,0.0001631637398215,0.01751758187492166
TW-03449,2026-10,0.00557601059031522,0.569516569409497,0.38388024147641503,747000000.0,0.0056646159124917
TW-02938,2026-10,0.0024475755689112597,0.54590716847797,0.393493668960797,1700000000.0,0.00348715874239086
TW-03398,2026-10,0.00325457555768214,0.53434338026661,0.387926470029055,4300000000.0,0.0033279432433748397
TW-02192,2026-10,0.00201675136340322,0.56180737726859,0.390059183641516,4580000000.0,0.0028952170633611
TW-04062,2026-10,0.0030386019985351796,0.591198672305798,0.387161511397213,747000000.0,0.00357901079931198
TW-02869,2026-10,0.0059918626253451,0.562449809946999,0.39266272705515504,951000000.0,0.00616846861447866
TW-06803,2026-10,0.00346418594437584,0.526098827560362,0.380548645329838,3750000000.0,0.0037050868663814998
TW-03666,2026-10,0.00134786964729306,0.600995770651534,0.39274884081926603,917000000.0,0.0017454525647408999
TW-06445,2026-10,0.00656305092908556,0.595588628941592,0.37963718146295,2120000000.0,0.007171921591702199
TW-03345,2026-10,0.00141973606558806,0.491996359548156,0.39042712426999,0.0002821832836456,0.0016141622833508401
TW-02304,2026-10,0.0001841576968809,0.562289201777397,0.39941986163643,0.0,0.00019942693010172
TW-02341,2026-10,0.00423188398564164,0.526901868408373,0.37963718146295,0.0,0.00431694545164002
TW-05067,2026-10,0.0017869285465640398,0.497242893088495,0.412182592494011,4380000000.0,0.00180027020724234
TW-06183,2026-10,0.003870306068595,0.471331441726002,0.38889720700630503,486000000.0,0.00397745179099146
TW-01556,2026-10,0.0027926840984320196,0.566893302639328,0.38389813524558103,1600000000.0,0.00293803680330816
TW-05948,2026-10,0.0044182875080943,0.542748541142459,0.38040885025823,2440000000.0,0.004365405848786219
TW-04460,2026-10,0.00674908014727626,0.620804111569142,0.37963718146295,9980000000.0,0.006765378170355299
TW-03226,2026-10,0.0015163065651719399,0.545157663686493,0.38487781910741403,6770000000.0,0.0022365050659102197
TW-00544,2026-10,0.00116221473336432,0.521548262754965,0.38431863882098,0.0,0.00127647348401004
TW-02550,2026-10,0.0020369637935487,0.562128593607795,0.37963718146295,0.0,0.00212439141672924
TW-01781,2026-10,0.00449464557753276,0.521762406981102,0.381701675080466,0.0,0.00467430687123804
TW-06104,2026-10,0.0050871692242044604,0.583971304673698,0.392833836222804,866000000.0,0.0051417157667683795
TW-03054,2026-10,0.0039092337118381195,0.550029444831094,0.389397114182378,272000000.0,0.00394572904098162
TW-01652,2026-10,0.00390099901807512,0.511322875956957,0.383918265735892,5670000000.0,0.00410640495860952
TW-03454,2026-10,0.014394993306192119,0.690508057176508,0.380116958148711,790000000.0,0.015129065114395499
TW-01035,2026-10,0.004181352910278,0.0,0.384604939127634,2480000000.0,0.00417433081923282
TW-04872,2026-10,0.00407804493397896,0.558434605706944,0.384088256542969,3920000000.0,0.0040997364277724395
TW-02854,2026-10,0.00984008474248488,0.580705605225119,0.382059550463784,0.0,0.01008043566378114
TW-04977,2026-10,0.0066959289420788996,0.518014883023716,0.385150699087194,4550000000.0,0.0066166132359867
TW-06271,2026-10,0.00339568826443842,0.558969966272284,0.381957779651653,3720000000.0,0.0033603030858378002
TW-00386,2026-10,0.00334665440612262,0.481503292467477,0.382774182869847,2310000000.0,0.00378254449577736
TW-06134,2026-10,0.005068079706844859,0.535414101397291,0.380571012541295,2900000000.0,0.00512310500844618
TW-04451,2026-10,0.0046698199721268,0.580009636490176,0.38138406067777103,4410000000.0,0.00464922395349876
TW-03501,2026-10,0.0126260313642018,0.613737352106644,0.37963718146295,0.0002589226880623,0.01270391221535532
TW-04327,2026-10,0.012085910314203481,0.715830611917126,0.37963718146295,1090000000.0,0.0120500762526
TW-04549,2026-10,0.0028065333561242997,0.545425343969163,0.38870820406949,3740000000.0,0.00281188989203406
TW-02997,2026-10,0.00153651899531742,0.564216499812624,0.380998226280131,0.0001139259827474,0.0023645618169948
TW-05782,2026-10,0.00527244983387124,0.583757160447561,0.38046476828687303,815000000.0,0.00526058782353888
TW-02930,2026-10,0.00535217664166728,0.386744472402163,0.475365491418819,0.0,0.00527068579938018
TW-04324,2026-10,0.00536041133543022,0.582900583543016,0.380337275181566,2410000000.0,0.0053677060877766
TW-01812,2026-10,0.00427829771412384,0.501739921837357,0.381907453425874,0.0,0.00461118507053346
TW-04481,2026-10,0.005493289348423559,0.798222602923069,0.381154796760333,2770000000.0,0.00571130722607598
TW-06402,2026-10,0.004707999006846,0.539429305637347,0.385718826258212,0.0,0.0059333368192125
TW-04832,2026-10,0.0017300342987471998,0.564216499812624,0.404422288478873,3450000000.0,0.00238272924872658
TW-00900,2026-10,0.0044396228510256,0.59425022752824,0.379877628986117,2920000000.0,0.00449058578009346
TW-03592,2026-10,0.00534169612233258,0.556828524010921,0.387322555319706,187000000.0,0.00555531188516622
TW-04736,2026-10,0.0027833264918832,0.428716740724878,0.39123010716131,0.0007764284934485,0.00331400932189752
TW-03341,2026-10,0.01292884351212186,0.499866159858665,0.37963718146295,0.0002181741994492,0.01635802675888788
TW-00424,2026-10,0.01228279435599078,0.598693720220569,0.379851906692941,289000000.0,0.012528685903638358
TW-04655,2026-10,0.00364048325175576,0.512232988918036,0.391037749142777,8170000000.0,0.003982230461700959
TW-03316,2026-10,0.0221094041450454,0.564109427699556,0.37963718146295,0.0002539989123549,0.02228926932398202
TW-03975,2026-10,0.00138866881184598,0.528989774613202,0.388831223732506,148000000.0,0.0023991324785728797
TW-00604,2026-10,0.004929212825660279,0.60645644841801,0.381015001688724,1210000000.0,0.00487443370419582
TW-01822,2026-10,0.0036988747166204396,0.536538358584507,0.386405499649953,7270000000.0,0.0036697450983555597
TW-00231,2026-10,0.0006617699351330399,0.498527758445313,0.394759653129285,0.0,0.00121297877040372
TW-06305,2026-10,0.005739955857050699,0.558006317254671,0.382076325872377,8370000000.0,0.0062072444246703
TW-03556,2026-10,0.0030951219420901196,0.568178167996145,0.38278312975443,0.0001351491539,0.003299910958308
TW-06502,2026-10,0.007206854259644879,0.577332833663472,0.379875392264971,0.0001361678661154,0.00727915655196324
TW-01703,2026-10,0.0055703960263859395,0.572032764066599,0.383823205087199,2700000000.0,0.0058758295677233995
TW-04860,2026-10,0.00610041086131152,0.600835162481932,0.38123755544272503,5690000000.0,0.00618658144930284
TW-04811,2026-10,0.00580059314748708,0.547673858343594,0.38203494653118103,4090000000.0,0.0058540692559080594
TW-02219,2026-10,0.00322575412951176,0.531184752931099,0.398790224633905,0.0,0.003788662291914
TW-03229,2026-10,0.00674346558334698,0.570854970822849,0.38156970853286803,0.0001541651152528,0.00696033463048902
TW-01177,2026-10,0.00030168923513418003,0.546977889608651,0.395049308517658,0.0,0.00061557381048312
TW-03124,2026-10,0.00520769519655336,0.559184110498421,0.38135162822115803,0.0001290368806081,0.00548174427795126
TW-05434,2026-10,0.00531811495382952,0.553188072166604,0.388990030933853,0.0001005129385789,0.005617587984114361
TW-00573,2026-10,0.00638151336203832,0.572193372236201,0.382571759606158,0.0001040784313326,0.006781419205274759
TW-02873,2026-10,0.02390868473225394,0.562503346003533,0.379995056846268,0.0,0.02413608369071892
TW-02123,2026-10,0.00540757367243634,0.763745382515124,0.37963718146295,0.000132093017254,0.007212257587893839
TW-05226,2026-10,0.004473310234601399,0.556989132180524,0.383374742497478,0.0001056064996555,0.00478664697554376
TW-02665,2026-10,0.0029858250975997795,0.58584506665239,0.382658991730842,1730000000.0,0.00439572886795632
TW-04319,2026-10,0.008939508688225739,0.54906579581348,0.37963718146295,0.0001370167929615,0.00980183002137648
TW-00210,2026-10,0.00301277500446042,0.578296482681086,0.380819288588472,4330000000.0,0.00315024095965104
TW-01305,2026-10,0.0029004837258745195,0.580652069168585,0.38826757000378,2700000000.0,0.00299745647770332
TW-00221,2026-10,0.0015750723342985798,0.539161625354676,0.399292368531123,0.0,0.00210197143096416
TW-00808,2026-10,0.00472521700289586,0.562931634455806,0.37963718146295,4940000000.0,0.005170714219437179
TW-01929,2026-10,0.0011741924697468598,0.404946731623749,0.384825256160489,0.0002241166873719,0.00137231151575472
TW-06176,2026-10,0.00372395310217134,0.544943519460357,0.383474276588463,1610000000.0,0.0037050501415005596
TW-02200,2026-10,0.11580636990992998,0.484876064029124,0.37963718146295,119000000.0,0.11901428611361581
TW-04288,2026-10,0.00578711819405676,0.557631564858933,0.37963718146295,2580000000.0,0.00595615865978088
TW-00078,2026-10,0.00403911729073584,0.582579367203812,0.381386297398917,713000000.0,0.00423404738490312
TW-05322,2026-10,0.0046619595826257595,0.569998393918304,0.382055077021493,3750000000.0,0.00471716185359378
TW-03127,2026-10,0.01263950631763212,0.579045987472563,0.380019660778871,0.0001879524037278,0.01291138600113288
TW-02943,2026-10,0.00023506307650649998,0.604796830665453,0.395421722588423,0.0,0.00029762196171089996
TW-00178,2026-10,0.0032291228678693403,0.533272659135928,0.383459737901016,1210000000.0,0.00324803507984832
TW-01964,2026-10,0.00737416826473794,0.497349965201563,0.380132615196731,2290000000.0,0.0074517621597036
TW-06532,2026-10,0.00331371563107074,0.536859574923711,0.389635324984399,2990000000.0,0.004664671947104159
TW-02784,2026-10,0.028210563614880838,0.510519835108946,0.37963718146295,0.0,0.028860047183189276
TW-06354,2026-10,0.007582281434383859,0.619679854381926,0.384846505011374,475000000.0,0.00764222456508336
TW-00557,2026-10,0.0030475853008221,0.501954066063494,0.393626753868968,391000000.0,0.0031760852616653395
TW-02895,2026-10,0.0066431520411435,0.620536431286471,0.37963718146295,3450000000.0,0.00716922891294876
TW-02333,2026-10,0.00038029313014434,0.599068472616307,0.381951069488216,0.0,0.0008542420919890799
TW-05996,2026-10,0.0059810078017485,0.621981904812892,0.37963718146295,790000000.0,0.00597932396221758
TW-02014,2026-10,0.0018868677845055,0.532255474061781,0.385009785655013,2090000000.0,0.0019750289786553
TW-04389,2026-10,0.0039058649734805394,0.515712832592751,0.384812954194188,7760000000.0,0.00410395687654788
TW-02470,2026-10,0.00045777411236861993,0.43005514213823,0.30589360364854,0.0,0.0008397144216541199
TW-02518,2026-10,0.00176110155248928,0.733925799025644,0.38150819870136,0.0,0.00309194837222658
TW-05937,2026-10,0.00246703939053282,0.565073076717169,0.38308956055139703,3940000000.0,0.002533878223104
TW-01714,2026-10,0.0034230124755610203,0.515016863857808,0.38449869487321103,5380000000.0,0.0036826374483010195
TW-04417,2026-10,0.00562242431879742,0.622677873547835,0.37963718146295,0.0001378657198076,0.0062186847866288995
TW-02299,2026-10,0.00032115305675574,0.540446490711494,0.389408297788106,0.0,0.00107848407281616
TW-00067,2026-10,0.00453319891651392,0.551474918357514,0.384562441425865,1170000000.0,0.00486229930562868
TW-01202,2026-10,0.00316511683907532,0.563092242625408,0.38748471760277203,0.0,0.0033037641432994798
TW-06750,2026-10,0.00478547998907028,0.577332833663472,0.379888812591845,5550000000.0,0.0047639310943056595
TW-05085,2026-10,0.00586796791463862,0.633010332458911,0.381089931847107,9300000000.0,0.005936346608515441
TW-01903,2026-10,0.00450849483522498,0.551635526527116,0.389823209560641,2280000000.0,0.004854879311101201
TW-04641,2026-10,0.0031905695288881796,0.416242839552439,0.389450795489875,0.0001468643443763,0.00354389321777898
TW-04315,2026-10,0.006152439153723,0.547727394400128,0.38115144167861403,73200000.0,0.00658585423145874
TW-03206,2026-10,0.012929966424907681,0.663954173135607,0.379854143414086,1380000000.0,0.01364969546811996
TW-05962,2026-10,0.014706788756399039,0.531827185609508,0.380168402735063,8490000000.0,0.014931637107209999
TW-02283,2026-10,0.0011019517471899,0.611649445901815,0.38278312975443,0.0,0.0013791213456647998
TW-03019,2026-10,0.00417611265061068,0.535039349001553,0.3799648611108,0.0,0.00448814989847904
TW-03465,2026-10,0.00465559641017256,0.534771668718882,0.379662903756126,2460000000.0,0.00476472443035014
TW-04999,2026-10,0.005074817183560019,0.553616360618877,0.381352746581731,5400000000.0,0.00533798051615754
TW-05590,2026-10,0.00850681296140796,0.613630279993576,0.382587416654178,84900000.0,0.00864308564920536
TW-03568,2026-10,0.00856445581774878,0.688634295197816,0.380219847321415,9800000000.0,0.00933158199680292
TW-06758,2026-10,0.00494979956006772,0.565769045452112,0.384317520460407,4600000000.0,0.00522110103312912
TW-05911,2026-10,0.007171295354759339,0.547995074682799,0.37963718146295,84900000.0,0.0072475093331662195
TW-04889,2026-10,0.0075946334750283,0.589753198779378,0.380291422398078,6400000000.0,0.007872930776347079
TW-00615,2026-10,0.0014234791082076,0.545371807912629,0.387803450366039,3410000000.0,0.0020032740621327
TW-01338,2026-10,0.00239929031911932,0.593179506397559,0.387985743139417,3500000000.0,0.0023759081355554396
TW-02163,2026-10,0.0007508543494779,0.477220407944751,0.381504843619641,0.0,0.00102208874290608
TW-06627,2026-10,0.01219333563738402,0.620322287060335,0.37963718146295,0.0003409290213961,0.012271685003308679
TW-06756,2026-10,0.0052578519676551,0.409176080089941,0.386528519312969,6500000000.0,0.006137994892270081
TW-03372,2026-10,0.0075227670567333,0.673483591198672,0.37963718146295,0.0001507694078684,0.00789355702683354
TW-01953,2026-10,0.0033163357609044,0.494244873922587,0.386734297658377,5500000000.0,0.0037988105295545995
TW-06412,2026-10,0.0025819507989524398,0.508003640451844,0.392710816559789,5550000000.0,0.00332305604521392
TW-00769,2026-10,0.0034009285241057997,0.565447829112907,0.389787422022309,4570000000.0,0.003949279708041899
TW-00630,2026-10,0.00433182322358316,0.59280475400182,0.384052469004637,17000000.0,0.00442942560465078
TW-00329,2026-10,0.00471323926651332,0.607473633492157,0.37963718146295,306000000.0,0.00692233234886532
TW-01127,2026-10,0.00175660990134582,0.519942181058943,0.388975492246406,52600000.0,0.0018905484476547
TW-03641,2026-10,0.0009346377420968399,0.479683066545318,0.3906452045817,0.0002584133319546,0.00095503044301782
TW-03953,2026-10,0.01477191769797888,0.594999732319717,0.380359642393023,9690000000.0,0.01475740953630492
TW-00365,2026-10,0.00566696652596982,0.528347341934793,0.37971770342419603,0.0,0.0063051340183272
TW-01770,2026-10,0.00481055837462112,0.516890625836501,0.38408378310067703,0.0,0.00482271901464534
TW-04732,2026-10,0.00260702918450328,0.578457090850688,0.387898511014733,1730000000.0,0.0025806004327578597
TW-03944,2026-10,0.03214412710374594,0.570266074200974,0.37963718146295,0.0003200454209819,0.032747883136814815
TW-02019,2026-10,0.0065690397972768,0.536110070132234,0.38273951369208803,458000000.0,0.00665795698761948
TW-03473,2026-10,0.01253395251576132,0.556239627389047,0.37963718146295,0.0002896538398913,0.01330968373208406
TW-03900,2026-10,0.01912058461334994,0.539964666202688,0.37963718146295,0.0,0.01952536773280848
TW-04408,2026-10,0.00590988999197736,0.568927672787622,0.38040437681593803,8950000000.0,0.0060799685358989995
TW-00868,2026-10,0.00381603195061176,0.59280475400182,0.381121245943147,0.0001156238364396,0.0039497581048346395
TW-05515,2026-10,0.00548131161204108,0.588307725252958,0.382716028120058,3680000000.0,0.00569292849712392
TW-05730,2026-10,0.00528929352565914,0.521227046415761,0.383344546762011,2410000000.0,0.005350522313824499
TW-04671,2026-10,0.00698040018116328,0.595374484715456,0.39123010716131,0.0,0.00742048489260744
TW-02715,2026-10,0.00254489467701906,0.581936934525403,0.389943992502511,0.0,0.00304707525845682
TW-06069,2026-10,0.00788135053968438,0.543872798329675,0.38396971032224403,1170000000.0,0.00816432433301898
TW-06715,2026-10,0.0063167587247204395,0.565447829112907,0.37963718146295,3820000000.0,0.006392310050768279
TW-00760,2026-10,0.0014788761389766599,0.63509823866374,0.388984439130989,424000000.0,0.00209654436956598
TW-04946,2026-10,0.00793562465766756,0.571229723218588,0.38045582140229,4530000000.0,0.00874459389400392
TW-02109,2026-10,0.0001736771775462,0.489480164891054,0.409081378625445,0.0,0.00021801713971122
TW-06499,2026-10,0.00210695869053396,0.385673751271481,0.386843896994518,1970000000.0,0.0022746069464592597
TW-02770,2026-10,0.00115996890779262,0.744365330049789,0.379793751943152,0.0,0.00135824515260174
TW-06528,2026-10,0.00330735245861754,0.525509930938487,0.379865327019815,0.0,0.00336846673861464
TW-06517,2026-10,0.015155205262218838,0.711387119224798,0.381186110856373,0.0002112129993111,0.016910099959568218
TW-04928,2026-10,0.00401366460092298,0.539482841693881,0.382682477302872,5420000000.0,0.00417524565810462
TW-02870,2026-10,0.00083095546153584,0.620750575512608,0.380582196147024,0.0,0.00139845871754904
TW-06513,2026-10,0.015397005815440559,0.686385780823384,0.37963718146295,0.0001636730959292,0.01555395359460486
TW-05686,2026-10,0.004305621925246439,0.542159644520585,0.385081360731676,0.0,0.00444237499608564
TW-00790,2026-10,0.004791094552999559,0.566304406017453,0.383224882180714,2280000000.0,0.00482716198400424
TW-02635,2026-10,0.00902073271306956,0.666898656244981,0.379959269307936,7610000000.0,0.009718545033123659
TW-03242,2026-10,0.00924381805319364,0.541677820011778,0.385392264970934,0.0001132468412705,0.009704520272784359
TW-01533,2026-10,0.00310859689552044,0.552224423148991,0.400209424200875,0.0,0.00315806842815072
TW-03406,2026-10,0.004394332035329279,0.56153969698592,0.381679307869009,946000000.0,0.00449131951775826
TW-03637,2026-10,0.01655734902749514,0.625140532148402,0.37963718146295,0.0001071345679785,0.01719311882080902
TW-03682,2026-10,0.023134249214272977,0.597890679372557,0.37977473981341303,594000000.0,0.02361109147714944
TW-06792,2026-10,0.0046975184875113,0.534557524492746,0.38661575143765303,0.0,0.0051380032781277
TW-02891,2026-10,0.00329612333075892,0.555168906258365,0.390193386910261,3430000000.0,0.0032738068455432
TW-02043,2026-10,0.00021672216767082,0.462069703945607,0.39051659311582,0.0,0.00024299151128099998
TW-03100,2026-10,0.0091577280729444,0.494673162374859,0.38002860766345403,0.0003614730510719,0.00921082660128534
TW-04545,2026-10,0.00440256672909228,0.525991755447294,0.383853400822666,1880000000.0,0.0046295485367598
TW-04345,2026-10,0.00886614505288296,0.667273408640719,0.37963718146295,9610000000.0,0.0089691145608975
TW-04615,2026-10,0.014357937184258738,0.580330852829381,0.37963718146295,8230000000.0,0.015018851002591559
TW-03625,2026-10,0.0031048538529009,0.555383050484501,0.384299626691241,1990000000.0,0.00330326724555246
TW-02856,2026-10,0.0025134531190150198,0.538893945072006,0.386375303914486,0.0,0.0028259082957120597
TW-02703,2026-10,0.005249242969630199,0.572675196745008,0.383760576895118,0.0,0.00572530682931036
TW-01059,2026-10,0.00143882558294766,0.541142459446437,0.393691618782195,0.0001001733678405,0.00166622129205786
TW-05775,2026-10,0.005212561151958779,0.527758445312918,0.38355479854971003,6040000000.0,0.0053237695445742
TW-06240,2026-10,0.00534431625216624,0.559184110498421,0.382698134350892,1210000000.0,0.005364418634414519
TW-03256,2026-10,0.00758153282585994,0.548851651587344,0.380567657459577,4920000000.0,0.00770407473402834
TW-06256,2026-10,0.0024041562745246796,0.528775630387066,0.382873716960833,0.000154334900622,0.00380743506648474
TW-03662,2026-10,0.00521855002015002,0.659510680443279,0.380019660778871,0.0001152842657011,0.00559788214300152
TW-03804,2026-10,0.009120297646749119,0.588040044970288,0.37963718146295,0.000278617790892,0.00929122556046348
TW-01252,2026-10,0.0046466131078857,0.529739279404679,0.382539327149545,0.0,0.00468765110942562
TW-01001,2026-10,0.00423113537711778,0.563574067134215,0.384304100133532,2990000000.0,0.00420098950764894
TW-05332,2026-10,0.00243559783252878,0.537287863375984,0.389576051874037,1090000000.0,0.00260838636163296
TW-05359,2026-10,0.00350124206630922,0.587504684404947,0.382487882563193,2560000000.0,0.00376041707366634
TW-05886,2026-10,0.00493071004270806,0.57021253814444,0.3840457588412,968000000.0,0.00507067597316598
TW-01317,2026-10,0.00290422676849406,0.539589913806949,0.384110623754426,0.0,0.00286522359477918
TW-04104,2026-10,0.0060364048325175605,0.575940896193586,0.382749578937244,1830000000.0,0.00612068630238972
TW-03225,2026-10,0.04789784488082778,0.552385031318593,0.37963718146295,0.0003409290213961,0.053860349386500604
TW-03996,2026-10,0.00625649573854596,0.613790888163178,0.380931124645759,0.0002302289606639,0.00648740191978392
TW-05542,2026-10,0.0064833241212895795,0.561004336420579,0.37963718146295,7160000000.0,0.00663755629378968
TW-02008,2026-10,0.00579872162617734,0.533647411531667,0.381368403629751,6720000000.0,0.005949082875845039
TW-03326,2026-10,0.013886688118459799,0.616681835216018,0.380063276841213,747000000.0,0.014345690647071538
TW-03144,2026-10,0.00882422297554422,0.581455110016596,0.381664769181561,7620000000.0,0.009542448487729319
TW-00090,2026-10,0.00404360894187924,0.531452433213769,0.383503353963358,0.0,0.00452274042368796
TW-01446,2026-10,0.0012681428394970798,0.53198779377911,0.386330569491571,1410000000.0,0.0014601787920661199
TW-00966,2026-10,0.0036172763875146597,0.57979549226404,0.397649496849578,905000000.0,0.004548965234402519
TW-03078,2026-10,0.00196397446246788,0.46421114620697,0.407369168588383,0.0013789967688146,0.0025383550572206396
TW-03014,2026-10,0.00267515256017874,0.5696771775791,0.382294406184087,740000000.0,0.00281138298011202
TW-02174,2026-10,0.0010839851426161199,0.51084105144815,0.389525725648258,1020000000.0,0.00105401480500152
TW-03382,2026-10,0.01423703690764794,0.568874136731088,0.380405495176511,0.0003171590697052,0.014913844572496799
TW-05013,2026-10,0.00320554169936628,0.554687081749558,0.383293102175659,0.0001005129385789,0.0034483949679273
TW-03976,2026-10,0.01645740978955368,0.592590609775684,0.37963718146295,0.0002363412339559,0.01691370115796832
TW-05600,2026-10,0.005580127937196719,0.556721451897853,0.386348463260737,0.0,0.00583671366866226
TW-03947,2026-10,0.00959940710204904,0.509074361582526,0.37963718146295,0.0004624953457585,0.010680231566939879
TW-00476,2026-10,0.0020055222355446598,0.499919695915199,0.393820230248075,0.0,0.00202474723853838
TW-02130,2026-10,0.00213727733575212,0.520102789228545,0.394724983951526,0.0,0.00411948105649908
TW-03922,2026-10,0.00472147396027632,0.364312864714385,0.382748460576671,0.0004665701946198,0.0050193709251418195
TW-06018,2026-10,0.0033586321425051,0.719899352213716,0.39628174186895904,5180000000.0,0.00335199559207212
TW-02012,2026-10,0.02919348660676968,0.571925691953531,0.37963718146295,1610000000.0,0.02997393310908126
TW-01767,2026-10,0.0069010476776292,0.574120670271428,0.384360018162176,0.0001010222946866,0.007529497655313899
TW-01330,2026-10,0.00344659364406408,0.565126612773703,0.393696092224486,0.0,0.0037287281846706
TW-02527,2026-10,0.00051504266444742,0.53461106054928,0.38278312975443,0.0,0.00098093036394708
TW-03188,2026-10,0.005810699362559821,0.566786230526259,0.38691994551347303,3850000000.0,0.0064058201199498595
TW-02411,2026-10,0.0007194127914737999,0.524225065581669,0.382570641245585,0.0,0.00327394101676986
TW-05667,2026-10,0.00413306766048606,0.562289201777397,0.382125533737583,3040000000.0,0.00410220385310214
TW-02256,2026-10,0.00110494618128552,0.5432839017078,0.386071109838665,0.0,0.0015502103393612398
TW-00427,2026-10,0.0010282138075851,0.360886557096204,1.01,0.0,0.0011690872928605798
TW-06805,2026-10,0.01106667980890518,0.556239627389047,0.37963718146295,4720000000.0,0.011084189073741299
TW-03353,2026-10,0.0071780328314744995,0.605171583061192,0.386399907847089,2650000000.0,0.007509823848330179
TW-06276,2026-10,0.0036895171100716196,0.567482199261202,0.381592075744325,2610000000.0,0.00369884691228462
TW-04801,2026-10,0.00602704722596874,0.605706943626532,0.380621338767075,1950000000.0,0.00598306325141106
TW-06125,2026-10,0.00683666734457328,0.524225065581669,0.38985564201725403,9850000000.0,0.00711804574585722
TW-01457,2026-10,0.00416188908865644,0.57021253814444,0.385232339409014,0.0,0.00442031601477726
TW-00822,2026-10,0.00292893084978294,0.557631564858933,0.37999282012512203,312000000.0,0.0029286684995637603
TW-04996,2026-10,0.042500003119202164,0.530060495743883,0.37963718146295,1580000000.0,0.04427762141621915
TW-06225,2026-10,0.00488167618439226,0.525242250655817,0.382357034376167,0.0002319268143561,0.00571073519019588
TW-05793,2026-10,0.00400842434125566,0.616788907329086,0.384450605368578,0.0,0.00399101347341804
TW-05123,2026-10,0.00460057368366546,0.596445205846137,0.382278749136066,8230000000.0,0.004596042952883519
TW-05313,2026-10,0.00221475831797646,0.470207184538787,0.39334269028346003,357000000.0,0.00246817765441842
TW-04198,2026-10,0.01535171499974424,0.665453182718561,0.37963718146295,0.0003499276459649,0.01555926493706364
TW-05447,2026-10,0.0032197652613205198,0.567160982921998,0.386411091452818,0.0001312440904079,0.003352662113097
TW-05831,2026-10,0.0044224048549758,0.565233684886771,0.387327028761997,7690000000.0,0.00569083138662594
TW-06455,2026-10,0.00242624022597996,0.522672519942181,0.387157037954921,4530000000.0,0.0031761757710890397
TW-03291,2026-10,0.00123894710706474,0.566465014187055,0.390222464285155,52600000.0,0.0030627262946073598
TW-02114,2026-10,0.0016858663958366998,0.521387654585363,0.383451909377006,0.0,0.00183144436390056
TW-00961,2026-10,0.0034626887273280595,0.571818619840463,0.38871826931464604,5890000000.0,0.0037691552143923
TW-03183,2026-10,0.0012550421903287198,0.49231757588736,0.394159093501654,3740000000.0,0.00136754569313808
TW-05345,2026-10,0.00282749439479364,0.542695005085925,0.382551629115846,0.0001015316507942,0.0035032756229869803
TW-02392,2026-10,0.00195686268149076,0.411638738690508,0.38787390708213,0.0,0.0027339382474761
TW-04608,2026-10,0.0051639015979048795,0.591466352588468,0.382846876307084,2090000000.0,0.00519767209396548
TW-05779,2026-10,0.00687522068355444,0.620375823116869,0.37963718146295,3360000000.0,0.00751562470986726
TW-00765,2026-10,0.00226491508907814,0.540178810428824,0.389116405678588,740000000.0,0.00252911845017216
TW-06311,2026-10,0.00410649205788738,0.531613041383372,0.386169525569078,747000000.0,0.00562607027857992
TW-02648,2026-10,0.00603153887711214,0.611381765619144,0.37963718146295,0.0,0.0067297147582599
TW-05110,2026-10,0.004846865888030579,0.654692435355212,0.38070074236774804,985000000.0,0.004840157526747179
TW-06389,2026-10,0.00236185989292398,0.526580652069169,0.394723865590953,3010000000.0,0.00277025769472572
TW-03496,2026-10,0.0024640449564371997,0.597944215429091,0.387604382184069,221000000.0,0.0031166396739545402
TW-04141,2026-10,0.00375988631131878,0.61106054927994,0.385861976411539,214000000.0,0.00382668182412396
TW-01167,2026-10,0.007087825504343819,0.569891321805236,0.37963718146295,0.0,0.00777253740309756
TW-06378,2026-10,0.00288775738096812,0.49376304941378,0.39455834822616803,0.0,0.0035933757683166
TW-03286,2026-10,0.008549483647270619,0.576636864928529,0.37963718146295,0.0004519686528668,0.01112881061646114
TW-03095,2026-10,0.0835012919735442,0.448685689812088,0.37963718146295,0.002243543868889,0.0885903527732496
TW-06812,2026-10,0.0030183895683897,0.537876759997859,0.379639418184096,0.0001305649489311,0.0037670459071906795
TW-03293,2026-10,0.0009709452555062999,0.565929653621714,0.398543066947301,52600000.0,0.00112823237522418
TW-02716,2026-10,0.007187016133761359,0.60238770812142,0.380420033863958,7100000000.0,0.00802951879169646
TW-05499,2026-10,0.00212193086101206,0.531184752931099,0.39775909618571903,2280000000.0,0.00217360541891466
TW-01089,2026-10,0.005186734157884019,0.601852347556079,0.381195057740956,2040000000.0,0.005406927766474439
TW-00022,2026-10,0.00303036730477224,0.569034744900691,0.38701276944102103,0.0,0.0032507331531535797
TW-05041,2026-10,0.0017083246515538799,0.439263343862091,0.393618925344958,3680000000.0,0.0022642684993918797
TW-04599,2026-10,0.0038074229525868596,0.609829219979656,0.383324416271699,4870000000.0,0.00383028876523224
TW-05770,2026-10,0.00483638536869588,0.544568767064618,0.386820411422488,3170000000.0,0.00490312858323354
TW-02021,2026-10,0.00290647259406576,0.555971947106376,0.386806991095613,1940000000.0,0.00324179325768666
TW-01204,2026-10,0.00410237471100588,0.576851009154666,0.38246775207288103,0.0,0.0045635864876706
TW-00268,2026-10,0.0011360134350276,0.535414101397291,0.382935226792341,0.0,0.00123802876303314
TW-06000,2026-10,0.007729008705069479,0.606831200813748,0.379794870303724,8680000000.0,0.007873894611675779
TW-02961,2026-10,0.01089711997824042,0.584078376786766,0.37963718146295,1850000000.0,0.0110323485462552
TW-02101,2026-10,0.00058354034438484,0.490015525456395,0.385013140736731,0.0,0.00109179566666508
TW-00813,2026-10,0.00689431020091404,0.576262112532791,0.380180704701364,2190000000.0,0.00699561109860684
TW-04976,2026-10,0.0056489999213961,0.606884736870282,0.387089936320549,0.0001551838274681,0.005685844413589621
TW-03777,2026-10,0.013041509094969721,0.52909684672627,0.37963718146295,0.0001249620317468,0.013033133234232901
TW-05548,2026-10,0.0057818779343894395,0.604207934043578,0.382080799314669,5650000000.0,0.005851129869062941
TW-03038,2026-10,0.00458560151318736,0.511162267787355,0.388830105371933,0.0001792933498975,0.00498664511044266
TW-04529,2026-10,0.01087353880973742,0.583489480164891,0.380556473853848,2770000000.0,0.0111612111782442
TW-03498,2026-10,0.00882010562866272,0.626853685957492,0.38550745610993903,205000000.0,0.009193721316003359
TW-02941,2026-10,0.0046024452049752,0.550457733283366,0.396772702160449,238000000.0,0.0048634569779488195
TW-02359,2026-10,0.00037093552359546,0.56469832432143,0.400474475656645,0.0,0.0007675304926499999
TW-06433,2026-10,0.0039971952133971,0.543176829594732,0.38122637183699704,0.00034008009455,0.00438002046087804
TW-00903,2026-10,0.00209423234562756,0.530006959687349,0.38940494270638804,0.0001033992898557,0.0022774907593127998
TW-02183,2026-10,0.00015159322609098,0.54039295465496,0.402399174202553,0.0,0.00010710663656382
TW-04515,2026-10,0.00649605046619598,0.584292521012902,0.38300009170556704,2260000000.0,0.00672556774052826
TW-03588,2026-10,0.0086943393966465,0.536913110980245,0.37963718146295,0.0003281951187045,0.00987885206223786
TW-03896,2026-10,0.013820436264094139,0.504898549172868,0.381221898394705,1190000000.0,0.02014474242995622
TW-05248,2026-10,0.00457324947254286,0.593447186680229,0.383888070000425,0.000139733358869,0.004791759071484839
TW-02323,2026-10,0.0006348200282724,0.610203972375395,0.387579778251466,0.0,0.00075633238387902
TW-06557,2026-10,0.012928094903597939,0.636704320359762,0.37963718146295,0.0002013654478963,0.01329900310346538
TW-01962,2026-10,0.00407093315300184,0.51228652497457,0.393762075498286,4090000000.0,0.00405587626932756
TW-05452,2026-10,0.00329387750518722,0.572139836179667,0.386301492116676,357000000.0,0.0032367589840519195
TW-04757,2026-10,0.005130588518591039,0.641469029391295,0.381313603961681,5380000000.0,0.00512264152996644
TW-01726,2026-10,0.0022110152753569198,0.528186733765191,0.388716032593501,0.0001062856411324,0.00362601773722992
TW-01056,2026-10,0.0051100017841836,0.566090261791317,0.381665887542134,4580000000.0,0.00509460264115956
TW-04313,2026-10,0.0051957174601708804,0.577332833663472,0.37963718146295,222000000.0,0.00525632263479894
TW-05173,2026-10,0.03964069286214252,0.654585363242144,0.37963718146295,6770000000.0,0.04059764829626136
TW-00934,2026-10,0.0022282332714067196,0.514320895122865,0.385138397120893,4500000000.0,0.00232758009772536
TW-02591,2026-10,0.0029072212025896796,0.538786872958938,0.385922367882474,0.0,0.00299560811182458
TW-02599,2026-10,0.00406756441464426,0.537662615771722,0.3878504215101,1320000000.0,0.00429219178499958
TW-00226,2026-10,0.005245499927010659,0.597837143316023,0.38073652990608003,0.0,0.00542738440865748
TW-03150,2026-10,0.009941146893212219,0.56849938433535,0.37963718146295,6110000000.0,0.01077279623255256
TW-05175,2026-10,0.00440705838023568,0.533219123079394,0.37963718146295,0.000250263634232,0.00438868593051438
TW-04337,2026-10,0.00557975363293476,0.509609722147867,0.380232149287716,0.0,0.00565773921409806
TW-03223,2026-10,0.014555195530308058,0.352909684672627,0.37963718146295,0.0017020983264425,0.0159472131885087
TW-01195,2026-10,0.0031100941125682202,0.556186091332512,0.385576794465457,306000000.0,0.00320823913033116
TW-05046,2026-10,0.00316511683907532,0.501954066063494,0.384219104729994,584000000.0,0.00346093409639544
TW-03421,2026-10,0.0049950903757640394,0.608383746453236,0.38319356808467303,4090000000.0,0.00544876304376414
TW-06649,2026-10,0.0026908733391807597,0.544943519460357,0.382628795995374,0.0,0.00338322316639866
TW-03779,2026-10,0.013804715485092059,0.537662615771722,0.381604377710626,7100000000.0,0.01603380526165014
TW-01358,2026-10,0.0013373891279583599,0.416349911665507,0.390947161936374,272000000.0,0.0016010861667432
TW-06245,2026-10,0.00359856117441702,0.455163552652712,0.38142655837954,900000000.0,0.0037589782969032594
TW-01924,2026-10,0.005163152989380961,0.561967985438193,0.387680430703024,1900000000.0,0.00638334544743036
TW-01377,2026-10,0.00447181301755362,0.591038064136196,0.385655079705558,0.0,0.0046267846169784
TW-06633,2026-10,0.0036431033815894198,0.39616681835216,0.37963718146295,0.0,0.0036224739921170996
TW-06651,2026-10,0.00360904169375172,0.557578028802398,0.379642773265814,340000000.0,0.004121234536666079
TW-04029,2026-10,0.013111129687693018,0.626318325392152,0.37963718146295,0.0002830322104917,0.014320724148327961
TW-06005,2026-10,0.00455827730206476,0.576262112532791,0.38605097934835403,2800000000.0,0.00455381607830058
TW-05125,2026-10,0.00577738628324598,0.562128593607795,0.388462164743459,441000000.0,0.00589530617594784
TW-03317,2026-10,0.00488167618439226,0.494084265752985,0.381278934783922,0.0002144389213263,0.00499414803731346
TW-06187,2026-10,0.00887063670402642,0.572300444349269,0.37963718146295,4410000000.0,0.009225882525901799
TW-04574,2026-10,0.0030490825178698796,0.539215161411211,0.389110813875723,7880000000.0,0.0029727041512777196
TW-00893,2026-10,0.00555766968147954,0.544033406499277,0.38354025986226303,221000000.0,0.0058540800599862
TW-01646,2026-10,0.003862071374832,0.51228652497457,0.38391602901474703,1870000000.0,0.00411606550780044
TW-02874,2026-10,0.00109072261933128,0.54617484876064,0.387923114947336,0.0,0.0012748077579647998
TW-02696,2026-10,0.0002623872876291,0.499812623802131,0.39565434158758,0.0,0.0010360445533108798
TW-02262,2026-10,0.0012584109286863,0.554044649071149,0.393693855503341,0.0,0.00269666083114536
TW-00501,2026-10,0.00354803009905338,0.54708496172172,0.387996926745146,0.0,0.0037153038293395797
TW-02899,2026-10,0.0016884865256703598,0.532148401948712,0.384799533867313,0.0,0.00211333301599416
TW-01311,2026-10,0.00293117667535464,0.55575780288024,0.39448341806778603,0.0,0.00289541016286002
TW-04771,2026-10,0.0085633329049629,0.588093581026822,0.38596374722367,0.0001108698461014,0.00898188406780086
TW-00598,2026-10,0.00811117335652356,0.57572675196745,0.37963718146295,2680000000.0,0.0082973406014541
TW-01429,2026-10,0.0285388284526137,0.407998286846191,0.37963718146295,0.0,0.03102913780771284
TW-03627,2026-10,0.013141074028649221,0.655602548316291,0.37963718146295,0.0001631637398215,0.0133807036545684
TW-04702,2026-10,0.0030464623880362197,0.522779592055249,0.39466571084116403,5540000000.0,0.0030816930933504003
TW-06152,2026-10,0.007010344522119539,0.609668611810054,0.38229552454466,6980000000.0,0.00705628472740302
TW-02117,2026-10,0.00040087986455172,0.533326195192462,0.385315098091406,0.0,0.00057510485974032
TW-00163,2026-10,0.0054828088290889195,0.565073076717169,0.38494939418407803,0.0,0.005490299640329879
TW-03890,2026-10,0.01049960885204628,0.532630226457519,0.38022208404256,0.000284050922707,0.010569247441824239
TW-05652,2026-10,0.00901923549602178,0.590556239627389,0.37963718146295,4720000000.0,0.00912522280554678
TW-05523,2026-10,0.005794604279295839,0.541463675785642,0.381335971173138,3600000000.0,0.00609423884006514
TW-01697,2026-10,0.0053424447308565,0.522672519942181,0.37963718146295,4430000000.0,0.00576535681317732
TW-01193,2026-10,0.00276685710435726,0.546281920873708,0.39305638997680503,0.0,0.00282825861322056
TW-03306,2026-10,0.01514435043862218,0.568981208844157,0.381640165248958,0.0001563723250527,0.01554880146442554
TW-02407,2026-10,0.00015271613887685997,0.551474918357514,0.40181091654122403,0.0,0.00090563191795962
TW-04041,2026-10,0.01956638098933608,0.52069168585042,0.37963718146295,0.0005794774651519,0.0204619192789191
TW-06307,2026-10,0.005176627942811279,0.57112265110552,0.383075021863949,204000000.0,0.00519323117610864
TW-05430,2026-10,0.00458897025154494,0.635580063172547,0.382443148140278,441000000.0,0.00468216520211472
TW-00404,2026-10,0.0039698710022745,0.548102146795867,0.383908200490737,0.0,0.00425344976843694
TW-05485,2026-10,0.0066169507428067795,0.591145136249264,0.381314722322253,107000000.0,0.0066083018600903405
TW-02382,2026-10,7.336363534278e-05,0.567803415600407,0.387054148782217,0.0,0.00035449205710542004
TW-02069,2026-10,0.00488279909717808,0.753680603886718,0.37963718146295,0.0002922006204296,0.0055620470149464
TW-02583,2026-10,0.0014567921875214402,0.577600513946143,0.38665377569713,2670000000.0,0.0017301630346916398
TW-05786,2026-10,0.013955185798397218,0.605974623909203,0.38040885025823,577000000.0,0.0178682463047076
TW-04594,2026-10,0.00405072072285636,0.558166925424273,0.386817056340769,1430000000.0,0.00431424925014318
TW-00853,2026-10,0.005281433136158161,0.621821296643289,0.38135610166345,2210000000.0,0.00560604504331134
TW-00420,2026-10,0.01192009352615826,0.515819904705819,0.37963718146295,340000000.0,0.01215751226005842
TW-04259,2026-10,0.00303149021755806,0.569355961239895,0.383646504116685,0.0001239433195314,0.0033063675143301602
TW-04780,2026-10,0.00411098370903084,0.587611756518015,0.384508760118367,4060000000.0,0.0041024538069096
TW-01398,2026-10,0.01241155502210268,0.548423363135071,0.384393568979362,492000000.0,0.014367951315735839
TW-03650,2026-10,0.00662368821952194,0.527437228973714,0.383965236879953,6840000000.0,0.00742699401649692
TW-06268,2026-10,0.0032429721255615596,0.57572675196745,0.381722923931351,696000000.0,0.00315936573363438
TW-02220,2026-10,0.00228175878086604,0.535574709566893,0.38250689469293203,0.0,0.00325016878794432
TW-02878,2026-10,0.020478934779977698,0.673537127255206,0.37983177620262903,1320000000.0,0.02096255570493048
TW-00447,2026-10,0.01155327534944424,0.523529096846726,0.37963718146295,391000000.0,0.01473837885648462
TW-02055,2026-10,0.00028484554334627996,0.481663900637079,0.399985752086302,0.0,0.00037474620705498
TW-01366,2026-10,0.01088401932907206,0.576958081267734,0.379830657842056,1050000000.0,0.01116767423692878
TW-05224,2026-10,0.0053196121708773605,0.492745864339633,0.382495711087203,6010000000.0,0.00533827229365206
TW-04278,2026-10,0.00356973974624664,0.442903795706408,0.384816309275906,458000000.0,0.00403536879257178
TW-02095,2026-10,0.0007463626983344401,0.54997590877456,0.414566937235368,0.0,0.00072126240992106
TW-03671,2026-10,0.01347457912604946,0.715937684030194,0.37963718146295,0.0002227584044182,0.01345809907254006
TW-05977,2026-10,0.00554382042378726,0.546817281439049,0.38548956234077303,4640000000.0,0.00557635662334554
TW-04079,2026-10,0.0053282211689022595,0.560415439798704,0.382766354345837,917000000.0,0.00537167554576272
TW-03683,2026-10,0.0094938533001783,0.551314310187912,0.37963718146295,0.000480492594896,0.009805428067651141
TW-03773,2026-10,0.010465172859946558,0.632849724289309,0.37963718146295,0.0003776026611479,0.01055144333933508
TW-03431,2026-10,0.00966565895641476,0.696825311847529,0.37963718146295,0.0002353225217405,0.01015629057220278
TW-03081,2026-10,0.00206353939614738,0.653193425772258,0.38213112554044804,6690000000.0,0.0032452735971615
TW-01761,2026-10,0.006455625605905019,0.53027463997002,0.379889930952418,4040000000.0,0.00703745805598104
TW-05424,2026-10,0.00338221331100816,0.457197922801006,0.380092354216108,0.0001084928509323,0.0034433202856926
TW-04674,2026-10,0.009368087068162079,0.585095561860913,0.383810903120897,2170000000.0,0.00969249303524856
TW-00711,2026-10,0.0017790681570630598,0.552010278922855,0.389332249269151,0.0,0.00172298266907646
TW-04287,2026-10,0.01932982069578174,0.601638203329943,0.37963718146295,5620000000.0,0.019586799545087217
TW-02303,2026-10,0.00037692439178676004,0.522244231489909,0.38391714737532,0.0,0.00065155290681006
TW-06685,2026-10,0.0033002406776404198,0.648428716740725,0.379722176866488,642000000.0,0.00376148858664546
TW-04759,2026-10,0.00614008711307856,0.535628245623427,0.380628048930512,4380000000.0,0.00621018666040782
TW-04359,2026-10,0.0074014924758604795,0.551742598640184,0.380187414864801,0.0001426197101458,0.00812645371814226
TW-05462,2026-10,0.00608356716952362,0.502542962685369,0.38083382727592,0.0001290368806081,0.00719098369169844
TW-02538,2026-10,0.00889833521941092,0.531880721666042,0.37963718146295,0.0,0.00894816851194464
TW-01279,2026-10,0.006318630246030179,0.540553562824562,0.38855051522871603,7230000000.0,0.00657774033134934
TW-02972,2026-10,0.020128960295051578,0.612559558862894,0.37963718146295,4920000000.0,0.0203484296858397
TW-01675,2026-10,0.0035712369632944197,0.567214518978532,0.379967097831946,0.0,0.00355739363217282
TW-05324,2026-10,0.00630814972669548,0.570426682370577,0.37963718146295,560000000.0,0.00642302281039776
TW-00993,2026-10,0.0053031427833514205,0.567696343487339,0.38210875832899,79800000.0,0.00541862986714626
TW-02290,2026-10,0.00772863440080752,0.745810803576209,0.381413138052666,5210000000.0,0.00820093119644952
TW-01795,2026-10,0.00287465673179976,0.446223031211521,0.381817984580044,8640000000.0,0.0029588138766287997
TW-04492,2026-10,0.00103832002265784,0.344236843514107,0.387835882822653,9920000000.0,0.0010965809486019
TW-05438,2026-10,0.00384447907452018,0.573745917875689,0.383219290377849,1190000000.0,0.0037938145418890197
TW-06489,2026-10,0.00518897998345572,0.597997751485626,0.380305961085526,3380000000.0,0.005964547438698479
TW-01713,2026-10,0.00178880006787384,0.454039295465496,0.385793756416594,0.0,0.00180974501314146
TW-00750,2026-10,0.00611875177014726,0.664864286096686,0.38193317571905,6010000000.0,0.00661452117937134
TW-00671,2026-10,0.00364048325175576,0.600513946142727,0.38548956234077303,2780000000.0,0.00386847769235946
TW-03693,2026-10,0.005153421078570179,0.625086996091868,0.383109691041708,0.0002686004541079,0.005191249945525499
TW-05608,2026-10,0.00481916737264608,0.564912468547567,0.38772181004422,0.0,0.00505378843909962
TW-00807,2026-10,0.0025684758455221195,0.567375127148134,0.38802488575946803,594000000.0,0.00268697004476136
TW-01766,2026-10,0.0034099118263926603,0.542213180577119,0.39421836661201604,0.0,0.0035375539230662997
TW-04678,2026-10,0.00344509642701624,0.638952834734194,0.384600465685343,2770000000.0,0.00361743343669332
TW-04459,2026-10,0.0222954333632361,0.597890679372557,0.381942122603633,9150000000.0,0.02250746511283128
TW-00594,2026-10,0.0014612838386648401,0.551849670753252,0.383253959555608,4910000000.0,0.00147598415881992
TW-02751,2026-10,0.00359930978294094,0.575298463515177,0.384250418826035,0.0,0.0036616346798098195
TW-06192,2026-10,0.005652742964015581,0.576583328871995,0.380343985345003,9000000000.0,0.0056463015550308
TW-06508,2026-10,0.004608059768904539,0.597569463033353,0.383721434275067,0.0002995013913062,0.005541594479511
TW-00181,2026-10,0.0033275648887629602,0.566732694469725,0.381319195764545,1870000000.0,0.00335517003312978
TW-04304,2026-10,0.00351284549842974,0.543176829594732,0.39018444002567804,8170000000.0,0.00355247530958166
TW-03940,2026-10,0.01440322799995506,0.603779645591306,0.37963718146295,0.0001689364423751,0.01471068187968864
TW-03279,2026-10,0.01095214270474758,0.605332191230794,0.37963718146295,0.0003351563188426,0.013152866416461179
TW-05035,2026-10,0.00817667660236536,0.468761711012367,0.380444637796561,1000000000.0,0.008837308188237
TW-06035,2026-10,0.0057740175448884,0.600567482199261,0.380594498113326,968000000.0,0.00602179455748602
TW-01355,2026-10,0.00640696605185112,0.572621660688474,0.381905216704728,7860000000.0,0.006389067606911159
TW-01682,2026-10,0.0074359284679602,0.600513946142727,0.380242214532872,0.0001446571345764,0.00767862253469562
TW-06407,2026-10,0.00364048325175576,0.483484126559238,0.387064214027373,0.0,0.0037515750662918995
TW-00753,2026-10,0.00528405326599182,0.589806734835912,0.38200251407456803,5700000000.0,0.00540226485214044
TW-01939,2026-10,0.00371796423398004,0.622677873547835,0.384090493264114,3890000000.0,0.004763842688794619
TW-00546,2026-10,0.0020197457974988997,0.50099041704588,0.381689373114165,713000000.0,0.00216239904049416
TW-02721,2026-10,0.00445721515133742,0.464746506772311,0.382361507818459,0.0,0.0046572762224445
TW-06655,2026-10,0.0037160927126702998,0.562021521494727,0.383713605751057,0.0001030597191172,0.00374664112158774
TW-01313,2026-10,0.00363000273242106,0.610846405053804,0.38149142329276703,107000000.0,0.00400136905501956
TW-03261,2026-10,0.00457998694925802,0.556186091332512,0.381295710192515,5250000000.0,0.00485269302390708
TW-05409,2026-10,0.00240527918731056,0.586541035387333,0.38976281808970603,0.0,0.00234211704474276
TW-06272,2026-10,0.0019501252047756,0.536752502810643,0.384188908994527,0.000101361865425,0.00215336062051986
TW-05314,2026-10,0.00335189466578994,0.6153969698592,0.382476698957464,3970000000.0,0.00347618607796806
TW-05904,2026-10,0.01316839823977182,0.66058140157396,0.37963718146295,5500000000.0,0.01524600435303552
TW-03678,2026-10,0.009255421485314158,0.597837143316023,0.382171386521071,8230000000.0,0.009222676503692639
TW-03652,2026-10,0.01270089221659242,0.61919802987312,0.37963718146295,0.0002140993505879,0.012819435633090539
TW-00054,2026-10,0.00093576065488272,0.505594517907811,0.402383517154533,0.0,0.00105513377955462
TW-05957,2026-10,0.0039170941013391,0.590074415118582,0.38780680544775803,3360000000.0,0.00418974576418902
TW-06658,2026-10,0.00669742615912674,0.566679158413191,0.380919941040031,0.000145845632161,0.00679228127576958
TW-04366,2026-10,0.01093492470869772,0.685475667862305,0.382548274034128,3230000000.0,0.0111036717279069
TW-00935,2026-10,0.00144144571278132,0.504309652550993,0.410149412972535,9340000000.0,0.00154261959098364
TW-01746,2026-10,0.0036135333448951198,0.536484822527973,0.384869990583404,2330000000.0,0.00385082598127998
TW-05892,2026-10,0.0081658217787687,0.58557738636972,0.380162810932198,222000000.0,0.00818967668634762
TW-04382,2026-10,0.00655481623532262,0.527597837143316,0.381661414099843,1820000000.0,0.0066914793279246
TW-06587,2026-10,0.00326393316423096,0.482092189089352,0.37963718146295,2670000000.0,0.0037378324735826995
TW-04827,2026-10,0.03183719760894438,0.472562771026286,0.37963718146295,0.0001996675942041,0.03299845215155712
TW-01278,2026-10,0.00129771287619138,0.54039295465496,0.391022092094757,0.0,0.0018963944946467398
TW-00861,2026-10,0.00420980003418642,0.559077038385353,0.382325720280127,156000000.0,0.0043577642995283996
TW-06392,2026-10,0.0021297912505130996,0.525135178542748,0.382713791398913,0.0,0.0024941618179568996
TW-02004,2026-10,0.00024329777026949997,0.457090850687938,0.451969388234399,0.0004499312284361,0.0006315102487488
TW-01638,2026-10,0.00180901249801926,0.528561486160929,0.398529646620426,1290000000.0,0.0022004409483018
TW-04491,2026-10,0.0014436915383530798,0.529632207291611,0.382200463895966,5550000000.0,0.004989795689686739
TW-01128,2026-10,0.00287203660196604,0.522190695433374,0.383498880521067,1120000000.0,0.0030906815435274
TW-00609,2026-10,0.0012673942309731601,0.542427324803255,0.38722749467101203,3850000000.0,0.00136434171494376
TW-00146,2026-10,0.00386806024302324,0.600299801916591,0.38285023138880303,362000000.0,0.0038972033326965
TW-01869,2026-10,0.00172217390924616,0.43294608919107,0.01,6600000000.0,0.0019112919145272598
TW-05127,2026-10,0.0035936952190116596,0.54879811553081,0.384290679806658,8200000000.0,0.00359858137231848
TW-06155,2026-10,0.00532185799644906,0.541999036350982,0.381321432485691,3720000000.0,0.00556161202164702
TW-03129,2026-10,0.0042640741521695995,0.539750521976551,0.381851535397231,7160000000.0,0.00433869752001114
TW-06064,2026-10,0.00293753984780784,0.556989132180524,0.384500931594357,6270000000.0,0.0031007515770127797
TW-04803,2026-10,0.00289449485768328,0.533219123079394,0.38373038115965,3850000000.0,0.0031638193236341997
TW-04822,2026-10,0.00487419009915318,0.5696771775791,0.382680240581726,9170000000.0,0.005131739578269299
TW-05305,2026-10,0.0086565346661892,0.587772364687617,0.379927955211896,7030000000.0,0.00892721446288266
TW-05819,2026-10,0.0061460759812698,0.551635526527116,0.382700371072038,0.0,0.0061970525289703204
TW-06097,2026-10,0.00843532084737492,0.614968681406928,0.380148272244751,6350000000.0,0.00851655775379166
TW-06501,2026-10,0.0012138687215138399,0.519995717115477,0.38907949977968304,0.0001017014361635,0.00267028493928702
TW-02301,2026-10,0.00135310990696044,0.522351303602977,0.386245574088033,153000000.0,0.00183847646357184
TW-01944,2026-10,0.00343349299489572,0.508646073130253,0.386749954706397,312000000.0,0.0037032927941773796
TW-04001,2026-10,0.0048075639405254994,0.584720809465175,0.38279095827844,0.0001876128329894,0.00497484739031016
TW-00276,2026-10,0.0015324016484359198,0.552277959205525,0.38978406694059003,391000000.0,0.00164647513219194
TW-04194,2026-10,0.0037520259218177996,0.54997590877456,0.386662722581713,8680000000.0,0.00389110500336732
TW-04863,2026-10,0.01767689307499686,0.624551635526527,0.37963718146295,576000000.0,0.0183416404386468
TW-05668,2026-10,0.006442524956736659,0.608812034905509,0.37963718146295,3360000000.0,0.00763810936809462
TW-05027,2026-10,0.00533757877545108,0.542480860859789,0.38166029573927,747000000.0,0.0059608251380380796
TW-00250,2026-10,0.00314640162597768,0.514053214840195,0.385018732539596,0.0,0.0030919970991430796
TW-03907,2026-10,0.00415964326308474,0.512768349483377,0.37963718146295,628000000.0,0.00452107584693306
TW-03506,2026-10,0.00285257278034448,0.60292306868676,0.387115658613725,6150000000.0,0.00287659350935658
TW-05456,2026-10,0.00685201381931334,0.597355318807217,0.383115282844573,2260000000.0,0.006876110267699819
TW-04848,2026-10,0.00390885940757616,0.560040687402966,0.382547155673555,9660000000.0,0.00398564736184524
TW-02093,2026-10,0.00025789563648564,0.51030569088281,0.401390412965825,0.0,0.00032050863423527996
TW-05797,2026-10,0.00763094098843776,0.587718828631083,0.38240288715965504,5030000000.0,0.00784515039925566
TW-02926,2026-10,0.00449352266474688,0.578992451416029,0.381319195764545,0.0,0.0048045007857769806
TW-03547,2026-10,0.00692762328022788,0.568606456448418,0.38609012196840403,1850000000.0,0.007192780245920519
TW-06564,2026-10,0.00840575081068062,0.678248300230205,0.381949951127643,0.0001898200427893,0.008552251560312
TW-01372,2026-10,0.00319019522462622,0.542748541142459,0.394477826264922,0.0,0.00342959790102702
TW-01559,2026-10,0.00417835847618238,0.524117993468601,0.38182357638290904,0.0,0.00418203675869982
TW-05766,2026-10,0.00482777637067098,0.602494780234488,0.384637371584247,8340000000.0,0.00515004133845966
TW-01461,2026-10,0.00071454683606844,0.594410835697842,0.382998973344994,1530000000.0,0.0009251503498711199
TW-00998,2026-10,0.00344472212275428,0.526527116012634,0.386193011141108,3720000000.0,0.0037931520377649597
TW-03495,2026-10,0.03699922768553952,0.602120027838749,0.37963718146295,0.0003298929723968,0.039841188187663856
TW-03621,2026-10,0.01254705316492968,0.608972643075111,0.38062245712764703,492000000.0,0.01246695344523684
TW-00891,2026-10,0.011890897793725921,0.549601156378821,0.379927955211896,3580000000.0,0.01205618635934772
TW-01114,2026-10,0.0032568213832538397,0.54472937523422,0.382738395331516,1430000000.0,0.0033163328089043397
TW-06165,2026-10,0.01141178833842594,0.533004978853258,0.384795060425022,2670000000.0,0.01180242050548824
TW-06636,2026-10,0.00500781672067044,0.586112746935061,0.380099064379545,5740000000.0,0.005317713712783141
TW-06380,2026-10,0.006256121434283999,0.476792119492478,0.38305600973421,370000000.0,0.00718791857173902
TW-06463,2026-10,0.02163815507924646,0.532683762514053,0.37963718146295,0.0005990027826124,0.0219373562781927
TW-05954,2026-10,0.00434679539406126,0.529043310669736,0.38285358647052103,0.0,0.00431045968791948
TW-01275,2026-10,0.0029060982898038,0.556293163445581,0.388862537828546,0.0,0.00382750481335722
TW-04681,2026-10,0.0027425273273302803,0.539215161411211,0.38611584426158,3890000000.0,0.00308198523771936
TW-04163,2026-10,0.00421466598959184,0.53316558702286,0.37963718146295,34000000.0,0.00416453125457508
TW-00635,2026-10,0.00258531953731002,0.533915091814337,0.388199350008835,6040000000.0,0.0028044641959782
TW-06086,2026-10,0.00538960706786256,0.563895283473419,0.380020779139444,0.0,0.00533229265195038
TW-02308,2026-10,0.00284583530362938,0.530917072648429,0.38514622564490303,0.0,0.0036597028462505396
TW-00652,2026-10,0.0027515106296172,0.509342041865196,0.389407179427534,1430000000.0,0.0035621508220090195
